beauty_standard_l2,brand,company,nationality,cn_flag,standard_l2,main_l3,estimated_gmv,estimated_monthly_gmv,monthly_sales,listing_count,weighted_price,brand_product_summary,source_file
男士剃须/理容,Norelco,,美国,false,护肤与个护,剃须和脱毛产品,444935951.14,29616487.009999998,304299,51,88.46895106023693,男子旋转剃须刀 / 男士电动剃须刀更换头 / 胡须修剪器,Z:\主线任务2-天眼计划\行业专题研究\行研报告\美容和个人护理-行业研究\美容和个人护理（已处理）\美容工具和配件\美容工具和配件竞品分析底表-市场大盘v1.xlsx
口腔护理,Oral-B,,美国,false,美妆个护综合,牙刷和配件,340462331.4,17791439.42,799247,196,64.02992858191121,电动牙刷更换刷头 / 旋转动力牙刷 / 手动牙刷,Z:\主线任务2-天眼计划\行业专题研究\行研报告\健康与家庭-行业报告 V2.0\健康与家庭底表（已处理）\口腔护理产品\口腔护理产品竞品分析底表-市场大盘v1.xlsx
功效面部护肤,La Roche-Posay,,美国,false,皮肤护理,面部皮肤护理产品,338925044.85,29610127.1,1024032,68,35.2413912605799,洗面奶 / 面部防晒霜 / 面部保湿霜,Z:\主线任务2-天眼计划\行业专题研究\行研报告\美容和个人护理-行业研究\美容和个人护理（已处理）\皮肤护理\皮肤护理竞品分析底表-市场大盘v1.xlsx
功效面部护肤,La Roche-Posay,,美国,false,护肤与个护,皮肤护理产品,335787062.1,29329910.21,1013521,59,35.30320414831913,面部防晒霜 / 面部保湿霜 / 洗面奶,Z:\主线任务2-天眼计划\行业专题研究\行研报告\健康与家庭-行业报告 V2.0\健康与家庭底表（已处理）\个人护理产品\个人护理产品竞品分析底表-市场大盘v1.xlsx
功效面部护肤,La Roche-Posay,,美国,false,个人护理,皮肤护理产品,335787062.1,29329910.21,1013521,59,35.30320414831913,面部防晒霜 / 面部保湿霜 / 洗面奶,Z:\主线任务2-天眼计划\行业专题研究\行研报告\美容和个人护理-行业研究\美容和个人护理（已处理）\个人护理\个人护理竞品分析底表-市场大盘v1.xlsx
口腔护理,Oral-B,,美国,false,护肤与个护,口腔护理产品,306567104.12,16234121.63,686336,74,66.05336048063722,电动牙刷更换刷头 / 旋转动力牙刷 / 牙线,Z:\主线任务2-天眼计划\行业专题研究\行研报告\健康与家庭-行业报告 V2.0\健康与家庭底表（已处理）\个人护理产品\个人护理产品竞品分析底表-市场大盘v1.xlsx
口腔护理,Oral-B,,美国,false,个人护理,口腔护理产品,306567104.12,16234121.63,686336,74,66.05336048063722,电动牙刷更换刷头 / 旋转动力牙刷 / 牙线,Z:\主线任务2-天眼计划\行业专题研究\行研报告\美容和个人护理-行业研究\美容和个人护理（已处理）\个人护理\个人护理竞品分析底表-市场大盘v1.xlsx
功效面部护肤,medicube,,美国,false,护肤与个护,皮肤护理产品,298102320.71,29907103.6,1376650,45,18.47555345399496,面部精华液 / 面膜 / 面部保湿霜,Z:\主线任务2-天眼计划\行业专题研究\行研报告\健康与家庭-行业报告 V2.0\健康与家庭底表（已处理）\个人护理产品\个人护理产品竞品分析底表-市场大盘v1.xlsx
身体/沐浴/除臭,CeraVe,,美国,false,皮肤护理,面部皮肤护理产品,286871251.48,18113330.74,1195448,58,16.180794392219,洗面奶 / 面部保湿霜 / 身体乳液,Z:\主线任务2-天眼计划\行业专题研究\行研报告\美容和个人护理-行业研究\美容和个人护理（已处理）\皮肤护理\皮肤护理竞品分析底表-市场大盘v1.xlsx
口腔护理,Philips Sonicare,,美国,false,护肤与个护,口腔护理产品,278101698.13,18022041.11,367525,35,106.4798894760872,声波牙刷 / 电动牙刷更换刷头 / 电动牙线,Z:\主线任务2-天眼计划\行业专题研究\行研报告\健康与家庭-行业报告 V2.0\健康与家庭底表（已处理）\个人护理产品\个人护理产品竞品分析底表-市场大盘v1.xlsx
口腔护理,Philips Sonicare,,美国,false,个人护理,口腔护理产品,278101698.13,18022041.11,367525,35,106.4798894760872,声波牙刷 / 电动牙刷更换刷头 / 电动牙线,Z:\主线任务2-天眼计划\行业专题研究\行研报告\美容和个人护理-行业研究\美容和个人护理（已处理）\个人护理\个人护理竞品分析底表-市场大盘v1.xlsx
口腔护理,Philips Sonicare,,美国,false,美妆个护综合,牙刷和配件,271709182.89,19024702.43,386007,56,108.6336244471762,声波牙刷 / 电动牙刷更换刷头 / 电动牙线,Z:\主线任务2-天眼计划\行业专题研究\行研报告\健康与家庭-行业报告 V2.0\健康与家庭底表（已处理）\口腔护理产品\口腔护理产品竞品分析底表-市场大盘v1.xlsx
男士剃须/理容,Braun,,美国,false,护肤与个护,剃须和脱毛产品,271332489.52,20176910.08,98708,59,215.1340959153119,男士箔片剃须刀 / 男士电动剃须刀更换头 / 胡须修剪器,Z:\主线任务2-天眼计划\行业专题研究\行研报告\美容和个人护理-行业研究\美容和个人护理（已处理）\美容工具和配件\美容工具和配件竞品分析底表-市场大盘v1.xlsx
洗护/头皮/防脱,Nutrafol,,美国,false,头发护理,脱发产品,270209848.7,21052611.7,278382,24,81.27064492383145,头发再生治疗 / 头发再生洗发水 / 头发再生护发素,Z:\主线任务2-天眼计划\行业专题研究\行研报告\美容和个人护理-行业研究\美容和个人护理（已处理）\头发护理\头发护理竞品分析底表-市场大盘v1.xlsx
身体/沐浴/除臭,CeraVe,,美国,false,护肤与个护,皮肤护理产品,269900917.45,17827710.47,1174590,50,16.12357626114735,洗面奶 / 面部保湿霜 / 身体乳液,Z:\主线任务2-天眼计划\行业专题研究\行研报告\健康与家庭-行业报告 V2.0\健康与家庭底表（已处理）\个人护理产品\个人护理产品竞品分析底表-市场大盘v1.xlsx
身体/沐浴/除臭,CeraVe,,美国,false,个人护理,皮肤护理产品,269900917.45,17827710.47,1174590,50,16.12357626114735,洗面奶 / 面部保湿霜 / 身体乳液,Z:\主线任务2-天眼计划\行业专题研究\行研报告\美容和个人护理-行业研究\美容和个人护理（已处理）\个人护理\个人护理竞品分析底表-市场大盘v1.xlsx
男士剃须/理容,Gillette,,美国,false,护肤与个护,剃须和脱毛产品,260603997.55,22244424.67,504159,47,29.21259646184496,药筒 / 男子子弹剃刀 / 止汗除臭剂,Z:\主线任务2-天眼计划\行业专题研究\行研报告\健康与家庭-行业报告 V2.0\健康与家庭底表（已处理）\个人护理产品\个人护理产品竞品分析底表-市场大盘v1.xlsx
功效面部护肤,medicube,,美国,false,皮肤护理,面部皮肤护理产品,242598040.61,25346950.46,1384989,51,18.50209388802348,面部精华液 / 面部保湿霜 / 面膜,Z:\主线任务2-天眼计划\行业专题研究\行研报告\美容和个人护理-行业研究\美容和个人护理（已处理）\皮肤护理\皮肤护理竞品分析底表-市场大盘v1.xlsx
功效面部护肤,medicube,,美国,false,个人护理,皮肤护理产品,237436158.91,25175936.26,1376650,45,18.47555345399496,面部精华液 / 面膜 / 面部保湿霜,Z:\主线任务2-天眼计划\行业专题研究\行研报告\美容和个人护理-行业研究\美容和个人护理（已处理）\个人护理\个人护理竞品分析底表-市场大盘v1.xlsx
男士剃须/理容,Norelco,,美国,false,剃须和脱毛,男士剃须和脱毛产品,227913443.01,14968760.29,305224,55,88.3947322494333,男子旋转剃须刀 / 男士电动剃须刀更换头 / 胡须修剪器,Z:\主线任务2-天眼计划\行业专题研究\行研报告\美容和个人护理-行业研究\美容和个人护理（已处理）\剃须和脱毛\剃须和脱毛竞品分析底表-市场大盘v1.xlsx
男士剃须/理容,Norelco,,美国,false,个人护理,剃须和脱毛产品,217244780.51,14671546.65,296515,40,89.0248366497952,男子旋转剃须刀 / 男士电动剃须刀更换头 / 胡须修剪器,Z:\主线任务2-天眼计划\行业专题研究\行研报告\美容和个人护理-行业研究\美容和个人护理（已处理）\个人护理\个人护理竞品分析底表-市场大盘v1.xlsx
功效面部护肤,LAURA GELLER NEW YORK,,美国,false,护肤与个护,面部化妆,203247351.10999998,13398560.31,304310,62,33.7795542439027,化妆调色板 / 基础组成 / 面部腮红,Z:\主线任务2-天眼计划\行业专题研究\行研报告\美容和个人护理-行业研究\美容和个人护理（已处理）\化妆\化妆竞品分析底表-市场大盘v1.xlsx
彩妆/卸妆,L‘Oreal Paris,,美国,false,护肤与个护,眼部化妆,193970479,10628089.28,480583,65,11.81688211585322,眉毛颜色 / 睫毛膏 / 眼线笔,Z:\主线任务2-天眼计划\行业专题研究\行研报告\美容和个人护理-行业研究\美容和个人护理（已处理）\化妆\化妆竞品分析底表-市场大盘v1.xlsx
功效面部护肤,Neutrogena,,美国,false,护肤与个护,皮肤护理产品,193896079.88000003,16820343.81,1070221,70,15.63095607149931,防晒霜 / 面部保湿霜 / 面部精华液,Z:\主线任务2-天眼计划\行业专题研究\行研报告\健康与家庭-行业报告 V2.0\健康与家庭底表（已处理）\个人护理产品\个人护理产品竞品分析底表-市场大盘v1.xlsx
口腔护理,Crest,,美国,false,美妆个护综合,牙膏,185833832.52,14858341.5,1035209,118,24.4306305334549,牙膏 / 漱口水 / 牙齿美白条,Z:\主线任务2-天眼计划\行业专题研究\行研报告\健康与家庭-行业报告 V2.0\健康与家庭底表（已处理）\口腔护理产品\口腔护理产品竞品分析底表-市场大盘v1.xlsx
功效面部护肤,CLEAN SKIN CLUB,,美国,false,护肤与个护,皮肤护理产品,184648833.36999997,12755264.25,284241,11,58.55194588215196,面部清洁布和毛巾,Z:\主线任务2-天眼计划\行业专题研究\行研报告\健康与家庭-行业报告 V2.0\健康与家庭底表（已处理）\个人护理产品\个人护理产品竞品分析底表-市场大盘v1.xlsx
功效面部护肤,CLEAN SKIN CLUB,,美国,false,皮肤护理,面部皮肤护理产品,181563128.47,12522327.67,286567,13,58.39595398709928,面部清洁布和毛巾,Z:\主线任务2-天眼计划\行业专题研究\行研报告\美容和个人护理-行业研究\美容和个人护理（已处理）\皮肤护理\皮肤护理竞品分析底表-市场大盘v1.xlsx
功效面部护肤,CLEAN SKIN CLUB,,美国,false,个人护理,皮肤护理产品,180410163.67,12446498.97,284241,11,58.55194588215196,面部清洁布和毛巾,Z:\主线任务2-天眼计划\行业专题研究\行研报告\美容和个人护理-行业研究\美容和个人护理（已处理）\个人护理\个人护理竞品分析底表-市场大盘v1.xlsx
洗护/头皮/防脱,REDKEN,,美国,false,头发护理,洗发水和护发素,165061657,10757537,185479,22,33.31278755013052,洗发水 / 护发素 / 发型凝胶,Z:\主线任务2-天眼计划\行业专题研究\行研报告\美容和个人护理-行业研究\美容和个人护理（已处理）\头发护理\头发护理竞品分析底表-市场大盘v1.xlsx
功效面部护肤,Neutrogena,,美国,false,皮肤护理,面部皮肤护理产品,164448265.72,14435911.96,1179847,107,15.79330978243234,防晒霜 / 面部保湿霜 / 面部精华液,Z:\主线任务2-天眼计划\行业专题研究\行研报告\美容和个人护理-行业研究\美容和个人护理（已处理）\皮肤护理\皮肤护理竞品分析底表-市场大盘v1.xlsx
功效面部护肤,e.l.f.,,美国,false,护肤与个护,面部化妆,159747787.95,12664715.280000001,1079265,99,8.448370687544493,基础底漆 / 眉毛颜色 / 面部腮红,Z:\主线任务2-天眼计划\行业专题研究\行研报告\美容和个人护理-行业研究\美容和个人护理（已处理）\化妆\化妆竞品分析底表-市场大盘v1.xlsx
洗护/头皮/防脱,COLOR WOW,,美国,false,头发护理,发型产品,158173637.5,6339078.5,264219,28,28.01271229722112,发胶 / 护发素 / 洗发水,Z:\主线任务2-天眼计划\行业专题研究\行研报告\美容和个人护理-行业研究\美容和个人护理（已处理）\头发护理\头发护理竞品分析底表-市场大盘v1.xlsx
口腔护理,Crest,,美国,false,护肤与个护,口腔护理产品,154447076.46,13965526.67,989299,51,21.41003165455986,牙膏 / 漱口水 / 牙齿美白条,Z:\主线任务2-天眼计划\行业专题研究\行研报告\健康与家庭-行业报告 V2.0\健康与家庭底表（已处理）\个人护理产品\个人护理产品竞品分析底表-市场大盘v1.xlsx
口腔护理,Crest,,美国,false,个人护理,口腔护理产品,154447076.46,13965526.67,989299,51,21.41003165455986,牙膏 / 漱口水 / 牙齿美白条,Z:\主线任务2-天眼计划\行业专题研究\行研报告\美容和个人护理-行业研究\美容和个人护理（已处理）\个人护理\个人护理竞品分析底表-市场大盘v1.xlsx
身体/沐浴/除臭,Dove,,美国,false,护肤与个护,皮肤护理产品,152941139.93,10398497.59,882358,48,13.84375836664497,沐浴露 / 止汗除臭剂 / 沐浴皂,Z:\主线任务2-天眼计划\行业专题研究\行研报告\健康与家庭-行业报告 V2.0\健康与家庭底表（已处理）\个人护理产品\个人护理产品竞品分析底表-市场大盘v1.xlsx
身体/沐浴/除臭,Dove,,美国,false,个人护理,皮肤护理产品,152941139.93,10398497.59,882358,48,13.84375836664497,沐浴露 / 止汗除臭剂 / 沐浴皂,Z:\主线任务2-天眼计划\行业专题研究\行研报告\美容和个人护理-行业研究\美容和个人护理（已处理）\个人护理\个人护理竞品分析底表-市场大盘v1.xlsx
口腔护理,Amazon Basics,,美国,false,护肤与个护,皮肤护理产品,151933973.24,10514072.46,758355,31,10.43474312684198,浴盐 / 漱口水 / 手洗,Z:\主线任务2-天眼计划\行业专题研究\行研报告\健康与家庭-行业报告 V2.0\健康与家庭底表（已处理）\个人护理产品\个人护理产品竞品分析底表-市场大盘v1.xlsx
造型工具/吹风,Dyson,,美国,false,头发护理,造型工具和设备,151029546.83,9273759.12,18297,13,554.5327164187764,电吹风 / 头发多样式器 / 直发熨斗,Z:\主线任务2-天眼计划\行业专题研究\行研报告\美容和个人护理-行业研究\美容和个人护理（已处理）\头发护理\头发护理竞品分析底表-市场大盘v1.xlsx
口腔护理,Colgate,,美国,false,美妆个护综合,牙膏,150339800.17,8412278.34,760891,134,14.06964751941386,牙膏 / 手动牙刷 / 声波牙刷,Z:\主线任务2-天眼计划\行业专题研究\行研报告\健康与家庭-行业报告 V2.0\健康与家庭底表（已处理）\口腔护理产品\口腔护理产品竞品分析底表-市场大盘v1.xlsx
功效面部护肤,Neutrogena,,美国,false,个人护理,皮肤护理产品,148014526.11,13273874.61,1070221,70,15.63095607149931,防晒霜 / 面部保湿霜 / 面部精华液,Z:\主线任务2-天眼计划\行业专题研究\行研报告\美容和个人护理-行业研究\美容和个人护理（已处理）\个人护理\个人护理竞品分析底表-市场大盘v1.xlsx
男士剃须/理容,Braun,,美国,false,剃须和脱毛,男士剃须和脱毛产品,143444126.79,10409940.76,100629,79,213.9809620497591,男士箔片剃须刀 / 男士电动剃须刀更换头 / 胡须修剪器,Z:\主线任务2-天眼计划\行业专题研究\行研报告\美容和个人护理-行业研究\美容和个人护理（已处理）\剃须和脱毛\剃须和脱毛竞品分析底表-市场大盘v1.xlsx
美甲/手足护理,beetles Gel Polish,,中国,true,足部、手部和指甲护理,指甲油和装饰产品,143168490.79,8331618.36,675591,101,20.18117997305868,凝胶指甲油 / 假指甲尖 / 假指甲胶,Z:\主线任务2-天眼计划\行业专题研究\行研报告\美容和个人护理-行业研究\美容和个人护理（已处理）\足部、手部和指甲护理\足部、手部和指甲护理竞品分析底表-市场大盘v1.xlsx
彩妆/卸妆,Clinique,,美国,false,护肤与个护,眼部化妆,142804729.4,11660925.3,232991,59,30.82944125692141,睫毛膏 / 基础组成 / 眼影,Z:\主线任务2-天眼计划\行业专题研究\行研报告\美容和个人护理-行业研究\美容和个人护理（已处理）\化妆\化妆竞品分析底表-市场大盘v1.xlsx
身体/沐浴/除臭,Dove,,美国,false,皮肤护理,身体护肤品,142165923.77,8813334.06,752090,48,13.46743178199693,沐浴露 / 沐浴皂 / 身体霜,Z:\主线任务2-天眼计划\行业专题研究\行研报告\美容和个人护理-行业研究\美容和个人护理（已处理）\皮肤护理\皮肤护理竞品分析底表-市场大盘v1.xlsx
身体/沐浴/除臭,Mrs. MEYER‘S,,美国,false,皮肤护理,身体护肤品,138177572.24,5098540.33,447317,18,15.55401872239383,手洗 / 足部和手部护理,Z:\主线任务2-天眼计划\行业专题研究\行研报告\美容和个人护理-行业研究\美容和个人护理（已处理）\皮肤护理\皮肤护理竞品分析底表-市场大盘v1.xlsx
男士剃须/理容,Gillette,,美国,false,剃须和脱毛,男士剃须和脱毛产品,137592462.48,11218880.72,520814,121,30.14346088054318,药筒 / 男子子弹剃刀 / 男士一次性剃须刀,Z:\主线任务2-天眼计划\行业专题研究\行研报告\美容和个人护理-行业研究\美容和个人护理（已处理）\剃须和脱毛\剃须和脱毛竞品分析底表-市场大盘v1.xlsx
男士剃须/理容,Braun,,美国,false,个人护理,剃须和脱毛产品,130417585.11,9856465.3,90172,38,221.1734834364811,男士箔片剃须刀 / 胡须修剪器 / 脱毛脱毛器,Z:\主线任务2-天眼计划\行业专题研究\行研报告\美容和个人护理-行业研究\美容和个人护理（已处理）\个人护理\个人护理竞品分析底表-市场大盘v1.xlsx
功效面部护肤,The Ordinary,,美国,false,皮肤护理,面部皮肤护理产品,128675089.86,13397864.48,1139578,52,17.79194545932592,面部精华液 / 面部保湿霜 / 面部爽肤水和收敛剂,Z:\主线任务2-天眼计划\行业专题研究\行研报告\美容和个人护理-行业研究\美容和个人护理（已处理）\皮肤护理\皮肤护理竞品分析底表-市场大盘v1.xlsx
男士剃须/理容,Gillette,,美国,false,个人护理,剃须和脱毛产品,128446227.43,11180406.62,504159,47,29.21259646184496,药筒 / 男子子弹剃刀 / 止汗除臭剂,Z:\主线任务2-天眼计划\行业专题研究\行研报告\美容和个人护理-行业研究\美容和个人护理（已处理）\个人护理\个人护理竞品分析底表-市场大盘v1.xlsx
功效面部护肤,The Ordinary,,美国,false,护肤与个护,皮肤护理产品,127342306.5,13260607,1125244,47,17.85872262408501,面部精华液 / 面部保湿霜 / 面部皮肤护理套件,Z:\主线任务2-天眼计划\行业专题研究\行研报告\健康与家庭-行业报告 V2.0\健康与家庭底表（已处理）\个人护理产品\个人护理产品竞品分析底表-市场大盘v1.xlsx
功效面部护肤,The Ordinary,,美国,false,个人护理,皮肤护理产品,127342306.5,13260607,1125244,47,17.85872262408501,面部精华液 / 面部保湿霜 / 面部皮肤护理套件,Z:\主线任务2-天眼计划\行业专题研究\行研报告\美容和个人护理-行业研究\美容和个人护理（已处理）\个人护理\个人护理竞品分析底表-市场大盘v1.xlsx
洗护/头皮/防脱,Moroccanoil,,美国,false,头发护理,洗发水和护发素,125903519.5,9111475,257360,50,41.36899593095519,发胶 / 护发素 / 洗发水,Z:\主线任务2-天眼计划\行业专题研究\行研报告\美容和个人护理-行业研究\美容和个人护理（已处理）\头发护理\头发护理竞品分析底表-市场大盘v1.xlsx
口腔护理,Waterpik,,美国,false,美妆个护综合,牙线和牙签,123954600,9803737.98,126695,33,100.4617666176957,电动牙线 / 动力浮子和灌溉器配件 / 电动牙刷更换刷头,Z:\主线任务2-天眼计划\行业专题研究\行研报告\健康与家庭-行业报告 V2.0\健康与家庭底表（已处理）\口腔护理产品\口腔护理产品竞品分析底表-市场大盘v1.xlsx
造型工具/吹风,Shark,,美国,false,头发护理,造型工具和设备,123282317.89,7090160.36,26888,10,293.9195947865416,头发多样式器 / 热风毛刷 / 直发熨斗,Z:\主线任务2-天眼计划\行业专题研究\行研报告\美容和个人护理-行业研究\美容和个人护理（已处理）\头发护理\头发护理竞品分析底表-市场大盘v1.xlsx
造型工具/吹风,TYMO,,中国,true,头发护理,造型工具和设备,123052978.52,9376961.81,170993,24,62.39780698271822,直发熨斗 / 热风毛刷 / 电吹风,Z:\主线任务2-天眼计划\行业专题研究\行研报告\美容和个人护理-行业研究\美容和个人护理（已处理）\头发护理\头发护理竞品分析底表-市场大盘v1.xlsx
功效面部护肤,Mrs. MEYER‘S,,美国,false,护肤与个护,皮肤护理产品,117239729.44,4959170.34,431434,14,15.66225759186162,手洗 / 足部和手部护理,Z:\主线任务2-天眼计划\行业专题研究\行研报告\健康与家庭-行业报告 V2.0\健康与家庭底表（已处理）\个人护理产品\个人护理产品竞品分析底表-市场大盘v1.xlsx
功效面部护肤,Mrs. MEYER‘S,,美国,false,个人护理,皮肤护理产品,117239729.44,4959170.34,431434,14,15.66225759186162,手洗 / 足部和手部护理,Z:\主线任务2-天眼计划\行业专题研究\行研报告\美容和个人护理-行业研究\美容和个人护理（已处理）\个人护理\个人护理竞品分析底表-市场大盘v1.xlsx
身体/沐浴/除臭,LANEIGE,,美国,false,护肤与个护,唇部护理产品,110406277,3260223,119034,8,23.17295269720221,润唇膏和润肤霜 / 面膜 / 唇彩,Z:\主线任务2-天眼计划\行业专题研究\行研报告\健康与家庭-行业报告 V2.0\健康与家庭底表（已处理）\个人护理产品\个人护理产品竞品分析底表-市场大盘v1.xlsx
功效面部护肤,ANUA,,韩国,false,护肤与个护,皮肤护理产品,109875303.50999999,10707012.620000001,469590,25,22.10270054927511,面部精华液 / 面部保湿霜 / 洗面奶,Z:\主线任务2-天眼计划\行业专题研究\行研报告\健康与家庭-行业报告 V2.0\健康与家庭底表（已处理）\个人护理产品\个人护理产品竞品分析底表-市场大盘v1.xlsx
男士剃须/理容,Lattafa,,美国,false,香水,女性香水,109139203.72,6542000.54,239547,188,30.7995308891552,女式香水 / 男士香水 / 男士香水套装,Z:\主线任务2-天眼计划\行业专题研究\行研报告\美容和个人护理-行业研究\美容和个人护理（已处理）\香水\香水竞品分析底表-市场大盘v1.xlsx
身体/沐浴/除臭,Olay,,美国,false,皮肤护理,面部皮肤护理产品,108057900.16,9064046.8,516193,65,22.40492223471309,面部保湿霜 / 沐浴露 / 面部精华液,Z:\主线任务2-天眼计划\行业专题研究\行研报告\美容和个人护理-行业研究\美容和个人护理（已处理）\皮肤护理\皮肤护理竞品分析底表-市场大盘v1.xlsx
口腔护理,Colgate,,美国,false,护肤与个护,口腔护理产品,106851015.84,7166230.99,642225,37,14.01133968173973,牙膏 / 手动牙刷 / 漱口水,Z:\主线任务2-天眼计划\行业专题研究\行研报告\健康与家庭-行业报告 V2.0\健康与家庭底表（已处理）\个人护理产品\个人护理产品竞品分析底表-市场大盘v1.xlsx
口腔护理,Colgate,,美国,false,个人护理,口腔护理产品,106851015.84,7166230.99,642225,37,14.01133968173973,牙膏 / 手动牙刷 / 漱口水,Z:\主线任务2-天眼计划\行业专题研究\行研报告\美容和个人护理-行业研究\美容和个人护理（已处理）\个人护理\个人护理竞品分析底表-市场大盘v1.xlsx
男士剃须/理容,Gillette Venus,,美国,false,护肤与个护,剃须和脱毛产品,105409211.14,9626161.79,383253,48,16.84622417498441,女式刀片式剃须刀 / 药筒 / 女式一次性剃须刀,Z:\主线任务2-天眼计划\行业专题研究\行研报告\美容和个人护理-行业研究\美容和个人护理（已处理）\美容工具和配件\美容工具和配件竞品分析底表-市场大盘v1.xlsx
口腔护理,Waterpik,,美国,false,护肤与个护,口腔护理产品,105389137.5,8659471.5,108556,11,95.63273324869367,电动牙线 / 电动牙刷更换刷头,Z:\主线任务2-天眼计划\行业专题研究\行研报告\健康与家庭-行业报告 V2.0\健康与家庭底表（已处理）\个人护理产品\个人护理产品竞品分析底表-市场大盘v1.xlsx
口腔护理,Waterpik,,美国,false,个人护理,口腔护理产品,104868970.06,8636982.67,108556,11,95.63273324869367,电动牙线 / 电动牙刷更换刷头,Z:\主线任务2-天眼计划\行业专题研究\行研报告\美容和个人护理-行业研究\美容和个人护理（已处理）\个人护理\个人护理竞品分析底表-市场大盘v1.xlsx
身体/沐浴/除臭,Olay,,美国,false,护肤与个护,皮肤护理产品,102840957.05,8687522.23,479761,52,22.67623013588427,面部保湿霜 / 沐浴露 / 面部精华液,Z:\主线任务2-天眼计划\行业专题研究\行研报告\健康与家庭-行业报告 V2.0\健康与家庭底表（已处理）\个人护理产品\个人护理产品竞品分析底表-市场大盘v1.xlsx
身体/沐浴/除臭,Olay,,美国,false,个人护理,皮肤护理产品,102706894.45,8672499.06,479761,52,22.67623013588427,面部保湿霜 / 沐浴露 / 面部精华液,Z:\主线任务2-天眼计划\行业专题研究\行研报告\美容和个人护理-行业研究\美容和个人护理（已处理）\个人护理\个人护理竞品分析底表-市场大盘v1.xlsx
彩妆/卸妆,It Cosmetics,,美国,false,护肤与个护,面部化妆,102246391.8,6673458,77824,10,35.878819506832,CC面霜 / 基础底漆 / 眼影,Z:\主线任务2-天眼计划\行业专题研究\行研报告\美容和个人护理-行业研究\美容和个人护理（已处理）\化妆\化妆竞品分析底表-市场大盘v1.xlsx
功效面部护肤,EltaMD,,美国,false,皮肤护理,阳光皮肤护理,102238160.9,11794831.4,299554,24,43.24497807064881,面部防晒霜 / 防晒霜 / 面部保湿霜,Z:\主线任务2-天眼计划\行业专题研究\行研报告\美容和个人护理-行业研究\美容和个人护理（已处理）\皮肤护理\皮肤护理竞品分析底表-市场大盘v1.xlsx
功效面部护肤,EltaMD,,美国,false,护肤与个护,皮肤护理产品,100364649.9,11678120.4,297405,21,43.12043744984852,面部防晒霜 / 防晒霜 / 面部保湿霜,Z:\主线任务2-天眼计划\行业专题研究\行研报告\健康与家庭-行业报告 V2.0\健康与家庭底表（已处理）\个人护理产品\个人护理产品竞品分析底表-市场大盘v1.xlsx
功效面部护肤,EltaMD,,美国,false,个人护理,皮肤护理产品,100364649.9,11678120.4,297405,21,43.12043744984852,面部防晒霜 / 防晒霜 / 面部保湿霜,Z:\主线任务2-天眼计划\行业专题研究\行研报告\美容和个人护理-行业研究\美容和个人护理（已处理）\个人护理\个人护理竞品分析底表-市场大盘v1.xlsx
身体/沐浴/除臭,Cetaphil,,美国,false,护肤与个护,皮肤护理产品,99873873.08,8858352.14,576006,47,14.60360817144487,洗面奶 / 面部保湿霜 / 沐浴露,Z:\主线任务2-天眼计划\行业专题研究\行研报告\健康与家庭-行业报告 V2.0\健康与家庭底表（已处理）\个人护理产品\个人护理产品竞品分析底表-市场大盘v1.xlsx
身体/沐浴/除臭,LANEIGE,,美国,false,皮肤护理,唇部护理产品,99638656,2876721,127934,16,23.92954026476673,润唇膏和润肤霜 / 面膜 / 面部精华液,Z:\主线任务2-天眼计划\行业专题研究\行研报告\美容和个人护理-行业研究\美容和个人护理（已处理）\皮肤护理\皮肤护理竞品分析底表-市场大盘v1.xlsx
洗护/头皮/防脱,Olaplex,,美国,false,头发护理,洗发水和护发素,96708014,6564954,180117,18,39.24316484167292,洗发水 / 护发素 / 头发护理面膜,Z:\主线任务2-天眼计划\行业专题研究\行研报告\美容和个人护理-行业研究\美容和个人护理（已处理）\头发护理\头发护理竞品分析底表-市场大盘v1.xlsx
功效面部护肤,Paula‘s Choice,,美国,false,皮肤护理,面部皮肤护理产品,96699822.78,7197188.48,201973,30,38.8316914258719,面部精华液 / 面部保湿霜 / 面部皮,Z:\主线任务2-天眼计划\行业专题研究\行研报告\美容和个人护理-行业研究\美容和个人护理（已处理）\皮肤护理\皮肤护理竞品分析底表-市场大盘v1.xlsx
身体/沐浴/除臭,LANEIGE,,美国,false,个人护理,唇部护理产品,95799419,2611558,119034,8,23.17295269720221,润唇膏和润肤霜 / 面膜 / 唇彩,Z:\主线任务2-天眼计划\行业专题研究\行研报告\美容和个人护理-行业研究\美容和个人护理（已处理）\个人护理\个人护理竞品分析底表-市场大盘v1.xlsx
功效面部护肤,ANUA,,韩国,false,皮肤护理,面部皮肤护理产品,95676326.85,9858402.13,482780,33,22.05217309279105,面部保湿霜 / 面部精华液 / 洗面奶,Z:\主线任务2-天眼计划\行业专题研究\行研报告\美容和个人护理-行业研究\美容和个人护理（已处理）\皮肤护理\皮肤护理竞品分析底表-市场大盘v1.xlsx
身体/沐浴/除臭,Cetaphil,,美国,false,皮肤护理,面部皮肤护理产品,93552372.92,8050514.64,583904,51,14.6625328750163,洗面奶 / 面部保湿霜 / 沐浴露,Z:\主线任务2-天眼计划\行业专题研究\行研报告\美容和个人护理-行业研究\美容和个人护理（已处理）\皮肤护理\皮肤护理竞品分析底表-市场大盘v1.xlsx
功效面部护肤,ANUA,,韩国,false,个人护理,皮肤护理产品,92019735.55,9606586.83,469590,25,22.10270054927511,面部精华液 / 面部保湿霜 / 洗面奶,Z:\主线任务2-天眼计划\行业专题研究\行研报告\美容和个人护理-行业研究\美容和个人护理（已处理）\个人护理\个人护理竞品分析底表-市场大盘v1.xlsx
彩妆/卸妆,MAYBELLINE,,美国,false,护肤与个护,眼部化妆,91940828.93,7167040.01,746410,104,9.938180868715424,睫毛膏 / 眉毛颜色 / 基础底漆,Z:\主线任务2-天眼计划\行业专题研究\行研报告\美容和个人护理-行业研究\美容和个人护理（已处理）\化妆\化妆竞品分析底表-市场大盘v1.xlsx
洗护/头皮/防脱,L‘Oreal Paris,,美国,false,头发护理,洗发水和护发素,89135626.19,6494789.38,570970,61,13.58504310413835,洗发水 / 护发素 / 洗发水和护发素套装,Z:\主线任务2-天眼计划\行业专题研究\行研报告\美容和个人护理-行业研究\美容和个人护理（已处理）\头发护理\头发护理竞品分析底表-市场大盘v1.xlsx
身体/沐浴/除臭,Cetaphil,,美国,false,个人护理,皮肤护理产品,88964272.75,7922063.36,576006,47,14.60360817144487,洗面奶 / 面部保湿霜 / 沐浴露,Z:\主线任务2-天眼计划\行业专题研究\行研报告\美容和个人护理-行业研究\美容和个人护理（已处理）\个人护理\个人护理竞品分析底表-市场大盘v1.xlsx
造型工具/吹风,wavytalk,,中国,false,头发护理,造型工具和设备,87351850.89,7092350.26,166409,24,44.85662341975198,热风毛刷 / 直发熨斗 / 卷发棒,Z:\主线任务2-天眼计划\行业专题研究\行研报告\美容和个人护理-行业研究\美容和个人护理（已处理）\头发护理\头发护理竞品分析底表-市场大盘v1.xlsx
男士剃须/理容,MANSCAPED,,美国,false,护肤与个护,剃须和脱毛产品,87055052.47,5770510.07,51038,13,77.47178248819475,男士剃须和美容套装 / 男士箔片剃须刀 / 剪发刀和剪发刀,Z:\主线任务2-天眼计划\行业专题研究\行研报告\美容和个人护理-行业研究\美容和个人护理（已处理）\美容工具和配件\美容工具和配件竞品分析底表-市场大盘v1.xlsx
彩妆/卸妆,tarte,,美国,false,护肤与个护,面部化妆,85266969.85,6640172,195268,60,28.82313794975469,遮瑕膏和中和妆 / 睫毛膏 / 基础组成,Z:\主线任务2-天眼计划\行业专题研究\行研报告\美容和个人护理-行业研究\美容和个人护理（已处理）\化妆\化妆竞品分析底表-市场大盘v1.xlsx
洗护/头皮/防脱,Amika,,美国,false,头发护理,洗发水和护发素,83143290.6,6299638.800000001,157841,35,30.64222611932511,护发素 / 发胶 / 洗发水,Z:\主线任务2-天眼计划\行业专题研究\行研报告\美容和个人护理-行业研究\美容和个人护理（已处理）\头发护理\头发护理竞品分析底表-市场大盘v1.xlsx
造型工具/吹风,Conair,,美国,false,头发护理,造型工具和设备,81775166.27,5514851.91,252427,54,31.65366026804154,电吹风 / 头发滚轮 / 头发笔刷,Z:\主线任务2-天眼计划\行业专题研究\行研报告\美容和个人护理-行业研究\美容和个人护理（已处理）\头发护理\头发护理竞品分析底表-市场大盘v1.xlsx
身体/沐浴/除臭,Paula‘s Choice,,美国,false,护肤与个护,皮肤护理产品,80940513.38,7075112.88,193418,21,38.66027816408528,面部精华液 / 面部保湿霜 / 身体乳液,Z:\主线任务2-天眼计划\行业专题研究\行研报告\健康与家庭-行业报告 V2.0\健康与家庭底表（已处理）\个人护理产品\个人护理产品竞品分析底表-市场大盘v1.xlsx
身体/沐浴/除臭,SOL DE JANEIRO,,美国,false,皮肤护理,身体护肤品,79868799.6,3080527.4,61139,10,41.14156312860089,护肤套装和工具包 / 沐浴露 / 身体乳液,Z:\主线任务2-天眼计划\行业专题研究\行研报告\美容和个人护理-行业研究\美容和个人护理（已处理）\皮肤护理\皮肤护理竞品分析底表-市场大盘v1.xlsx
身体/沐浴/除臭,SOL DE JANEIRO,,美国,false,护肤与个护,皮肤护理产品,79634971.6,3145137.4,55467,7,42.07712658302982,护肤套装和工具包 / 身体乳液 / 身体油,Z:\主线任务2-天眼计划\行业专题研究\行研报告\健康与家庭-行业报告 V2.0\健康与家庭底表（已处理）\个人护理产品\个人护理产品竞品分析底表-市场大盘v1.xlsx
身体/沐浴/除臭,SOL DE JANEIRO,,美国,false,个人护理,皮肤护理产品,79634971.6,3145137.4,55467,7,42.07712658302982,护肤套装和工具包 / 身体乳液 / 身体油,Z:\主线任务2-天眼计划\行业专题研究\行研报告\美容和个人护理-行业研究\美容和个人护理（已处理）\个人护理\个人护理竞品分析底表-市场大盘v1.xlsx
洗护/头皮/防脱,OUAI,,美国,false,头发护理,洗发水和护发素,79526476.2,5736735.8,184012,25,36.35757526780299,洗发水 / 头发护理面膜 / 洗发水和护发素套装,Z:\主线任务2-天眼计划\行业专题研究\行研报告\美容和个人护理-行业研究\美容和个人护理（已处理）\头发护理\头发护理竞品分析底表-市场大盘v1.xlsx
身体/沐浴/除臭,Paula‘s Choice,,美国,false,个人护理,皮肤护理产品,78977462.38,6893155.88,193418,21,38.66027816408528,面部精华液 / 面部保湿霜 / 身体乳液,Z:\主线任务2-天眼计划\行业专题研究\行研报告\美容和个人护理-行业研究\美容和个人护理（已处理）\个人护理\个人护理竞品分析底表-市场大盘v1.xlsx
彩妆/卸妆,Lancôme,,美国,false,护肤与个护,眼部化妆,77771558.3,5372440.1,126292,39,36.08073948800091,睫毛膏 / 基础组成 / 眼线笔,Z:\主线任务2-天眼计划\行业专题研究\行研报告\美容和个人护理-行业研究\美容和个人护理（已处理）\化妆\化妆竞品分析底表-市场大盘v1.xlsx
男士剃须/理容,Versace,,美国,false,香水,男士香水,74039299.76,3974562.07,71505,141,65.88668618560537,女式淡香水 / 女式香水套装 / 男士淡香水,Z:\主线任务2-天眼计划\行业专题研究\行研报告\美容和个人护理-行业研究\美容和个人护理（已处理）\香水\香水竞品分析底表-市场大盘v1.xlsx
男士剃须/理容,Panasonic,,美国,false,护肤与个护,剃须和脱毛产品,73014109.07,4945936.17,35015,25,144.85572981176,男士箔片剃须刀 / 鼻子和耳朵修剪器 / 药筒,Z:\主线任务2-天眼计划\行业专题研究\行研报告\美容和个人护理-行业研究\美容和个人护理（已处理）\美容工具和配件\美容工具和配件竞品分析底表-市场大盘v1.xlsx
功效面部护肤,COSRX,,韩国,false,皮肤护理,面部皮肤护理产品,70995772.44,5338626.74,280296,36,20.16645715332404,面部精华液 / 面部爽肤水和收敛剂 / 面膜,Z:\主线任务2-天眼计划\行业专题研究\行研报告\美容和个人护理-行业研究\美容和个人护理（已处理）\皮肤护理\皮肤护理竞品分析底表-市场大盘v1.xlsx
洗护/头皮/防脱,Kitsch,,美国,false,头发护理,发型配饰,70848531.39,7589432,585067,47,14.74340094628953,洗发水 / 发爪 / 发夹,Z:\主线任务2-天眼计划\行业专题研究\行研报告\美容和个人护理-行业研究\美容和个人护理（已处理）\头发护理\头发护理竞品分析底表-市场大盘v1.xlsx
身体/沐浴/除臭,Old Spice,,美国,false,护肤与个护,除臭剂和止汗剂,68106544.5,5015063.73,399123,45,16.22093197665967,除臭剂 / 沐浴露 / 止汗除臭剂,Z:\主线任务2-天眼计划\行业专题研究\行研报告\健康与家庭-行业报告 V2.0\健康与家庭底表（已处理）\个人护理产品\个人护理产品竞品分析底表-市场大盘v1.xlsx
功效面部护肤,COSRX,,韩国,false,护肤与个护,皮肤护理产品,67437329.43,5101113.09,267014,28,20.13181293249373,面部精华液 / 面膜 / 面部爽肤水和收敛剂,Z:\主线任务2-天眼计划\行业专题研究\行研报告\健康与家庭-行业报告 V2.0\健康与家庭底表（已处理）\个人护理产品\个人护理产品竞品分析底表-市场大盘v1.xlsx
身体/沐浴/除臭,Old Spice,,美国,false,个人护理,除臭剂和止汗剂,67230618.53,4958156.25,399123,45,16.22093197665967,除臭剂 / 沐浴露 / 止汗除臭剂,Z:\主线任务2-天眼计划\行业专题研究\行研报告\美容和个人护理-行业研究\美容和个人护理（已处理）\个人护理\个人护理竞品分析底表-市场大盘v1.xlsx
功效面部护肤,COSRX,,韩国,false,个人护理,皮肤护理产品,67040348.43,5066806.09,267014,28,20.13181293249373,面部精华液 / 面膜 / 面部爽肤水和收敛剂,Z:\主线任务2-天眼计划\行业专题研究\行研报告\美容和个人护理-行业研究\美容和个人护理（已处理）\个人护理\个人护理竞品分析底表-市场大盘v1.xlsx
男士剃须/理容,Wahl,,美国,false,护肤与个护,剃须和脱毛产品,66068748.31000002,5236619.73,107658,23,53.55568129817182,胡须修剪器 / 男士箔片剃须刀 / 鼻子和耳朵修剪器,Z:\主线任务2-天眼计划\行业专题研究\行研报告\美容和个人护理-行业研究\美容和个人护理（已处理）\美容工具和配件\美容工具和配件竞品分析底表-市场大盘v1.xlsx
男士剃须/理容,eos,,美国,false,护肤与个护,皮肤护理产品,65962883.79,5276730.569999999,689295,15,8.094143874725981,润唇膏和润肤霜 / 女性剃须膏 / 身体乳液,Z:\主线任务2-天眼计划\行业专题研究\行研报告\健康与家庭-行业报告 V2.0\健康与家庭底表（已处理）\个人护理产品\个人护理产品竞品分析底表-市场大盘v1.xlsx
功效面部护肤,L‘Oreal Paris,,美国,false,皮肤护理,面部皮肤护理产品,64875499.86,5475968.03,342201,39,20.57683195186587,面部保湿霜 / 面部精华液 / 眼部护理霜,Z:\主线任务2-天眼计划\行业专题研究\行研报告\美容和个人护理-行业研究\美容和个人护理（已处理）\皮肤护理\皮肤护理竞品分析底表-市场大盘v1.xlsx
口腔护理,GuruNanda,,美国,false,美妆个护综合,漱口水,64828224.79,3778898.68,412740,62,14.26132600448552,漱口水 / 手动牙刷 / 牙线,Z:\主线任务2-天眼计划\行业专题研究\行研报告\健康与家庭-行业报告 V2.0\健康与家庭底表（已处理）\口腔护理产品\口腔护理产品竞品分析底表-市场大盘v1.xlsx
造型工具/吹风,L‘ANGE HAIR,,美国,false,头发护理,造型工具和设备,64068320.14,4251782.85,81689,27,76.75525258142005,电吹风 / 直发熨斗 / 热风毛刷,Z:\主线任务2-天眼计划\行业专题研究\行研报告\美容和个人护理-行业研究\美容和个人护理（已处理）\头发护理\头发护理竞品分析底表-市场大盘v1.xlsx
口腔护理,COSLUS,,中国,true,美妆个护综合,牙线和牙签,63095420.82,4571078.23,182674,25,27.73403268490988,电动牙线 / 声波牙刷 / 义齿清洁剂,Z:\主线任务2-天眼计划\行业专题研究\行研报告\健康与家庭-行业报告 V2.0\健康与家庭底表（已处理）\口腔护理产品\口腔护理产品竞品分析底表-市场大盘v1.xlsx
功效面部护肤,Clinique,,美国,false,皮肤护理,面部皮肤护理产品,62845119.95,5255248.4,155243,51,40.07352925334605,面部保湿霜 / 洗面奶 / 面部磨砂膏,Z:\主线任务2-天眼计划\行业专题研究\行研报告\美容和个人护理-行业研究\美容和个人护理（已处理）\皮肤护理\皮肤护理竞品分析底表-市场大盘v1.xlsx
洗护/头皮/防脱,Pureology,,美国,false,头发护理,洗发水和护发素,61914120,4305897,114731,18,37.58870753294842,护发素 / 洗发水 / 发胶,Z:\主线任务2-天眼计划\行业专题研究\行研报告\美容和个人护理-行业研究\美容和个人护理（已处理）\头发护理\头发护理竞品分析底表-市场大盘v1.xlsx
口腔护理,Listerine,,美国,false,美妆个护综合,漱口水,61337082.76,4597375.32,526146,38,11.50225953968883,漱口水 / 呼吸清新剂 / 牙线,Z:\主线任务2-天眼计划\行业专题研究\行研报告\健康与家庭-行业报告 V2.0\健康与家庭底表（已处理）\口腔护理产品\口腔护理产品竞品分析底表-市场大盘v1.xlsx
功效面部护肤,Utopia Towels,,美国,false,护肤与个护,浴室毛巾,60710467.13,4535126.8100000005,140295,20,26.95,浴巾 / 浴巾套装 / 浴巾床单,Z:\主线任务2-天眼计划\行业专题研究\行研报告\家庭和厨房-行业研究\沐浴产品竞品分析底表-市场大盘v1.xlsx
洗护/头皮/防脱,Biolage,,美国,false,头发护理,洗发水和护发素,60259531.01,4153147.99,152775,32,28.83186947722997,护发素 / 洗发水 / 发胶,Z:\主线任务2-天眼计划\行业专题研究\行研报告\美容和个人护理-行业研究\美容和个人护理（已处理）\头发护理\头发护理竞品分析底表-市场大盘v1.xlsx
口腔护理,Amazon Basics,,美国,false,个人护理,皮肤护理产品,60079882.34,4966919.12,758355,31,10.43474312684198,浴盐 / 漱口水 / 手洗,Z:\主线任务2-天眼计划\行业专题研究\行研报告\美容和个人护理-行业研究\美容和个人护理（已处理）\个人护理\个人护理竞品分析底表-市场大盘v1.xlsx
彩妆/卸妆,BABE ORIGINAL,,美国,false,护肤与个护,眼部化妆,59987275.3,3787208.6,45810,6,84.82801120047807,睫毛增强剂和底漆 / 眼部治疗系列 / 睫毛膏,Z:\主线任务2-天眼计划\行业专题研究\行研报告\美容和个人护理-行业研究\美容和个人护理（已处理）\化妆\化妆竞品分析底表-市场大盘v1.xlsx
身体/沐浴/除臭,Vanicream,,美国,false,护肤与个护,皮肤护理产品,59670102.07,5134638.02,394081,15,14.29432607610178,面部保湿霜 / 止汗除臭剂 / 面部清洁棒,Z:\主线任务2-天眼计划\行业专题研究\行研报告\健康与家庭-行业报告 V2.0\健康与家庭底表（已处理）\个人护理产品\个人护理产品竞品分析底表-市场大盘v1.xlsx
造型工具/吹风,BaBylissPRO,,美国,false,头发护理,造型工具和设备,59425054.16,4890477.64,45438,36,140.8141978424423,电吹风 / 直发熨斗 / 剪发器,Z:\主线任务2-天眼计划\行业专题研究\行研报告\美容和个人护理-行业研究\美容和个人护理（已处理）\头发护理\头发护理竞品分析底表-市场大盘v1.xlsx
口腔护理,Aquasonic,,美国,false,美妆个护综合,牙刷和配件,59215020.52,4261018.15,140073,25,36.76113236778867,超声波牙刷 / 电动牙线 / 电动牙刷更换刷头,Z:\主线任务2-天眼计划\行业专题研究\行研报告\健康与家庭-行业报告 V2.0\健康与家庭底表（已处理）\口腔护理产品\口腔护理产品竞品分析底表-市场大盘v1.xlsx
身体/沐浴/除臭,Vanicream,,美国,false,个人护理,皮肤护理产品,59213311.67,5089703.02,394081,15,14.29432607610178,面部保湿霜 / 止汗除臭剂 / 面部清洁棒,Z:\主线任务2-天眼计划\行业专题研究\行研报告\美容和个人护理-行业研究\美容和个人护理（已处理）\个人护理\个人护理竞品分析底表-市场大盘v1.xlsx
洗护/头皮/防脱,Kerastase,,美国,false,头发护理,发型产品,58183472.6,5414761.8,109886,30,52.19199535610228,发型系列 / 洗发水 / 护发素,Z:\主线任务2-天眼计划\行业专题研究\行研报告\美容和个人护理-行业研究\美容和个人护理（已处理）\头发护理\头发护理竞品分析底表-市场大盘v1.xlsx
功效面部护肤,DRMTLGY,,美国,false,护肤与个护,皮肤护理产品,58136299.6,3802630.65,83456,9,33.59954873240441,面部精华液 / 眼罩 / 面部微磨产品,Z:\主线任务2-天眼计划\行业专题研究\行研报告\健康与家庭-行业报告 V2.0\健康与家庭底表（已处理）\个人护理产品\个人护理产品竞品分析底表-市场大盘v1.xlsx
男士剃须/理容,Ulike,,中国,true,护肤与个护,剃须和脱毛产品,57975978.85,5456407.34,8756,7,345.8132103074236,轻型脱毛设备 / 皱纹和抗衰老装置,Z:\主线任务2-天眼计划\行业专题研究\行研报告\美容和个人护理-行业研究\美容和个人护理（已处理）\美容工具和配件\美容工具和配件竞品分析底表-市场大盘v1.xlsx
口腔护理,TheraBreath,,美国,false,护肤与个护,口腔护理产品,57555594.76,5603690.17,376062,20,15.52148587188931,漱口水 / 口腔干燥缓解产品 / 口腔疼痛治疗,Z:\主线任务2-天眼计划\行业专题研究\行研报告\健康与家庭-行业报告 V2.0\健康与家庭底表（已处理）\个人护理产品\个人护理产品竞品分析底表-市场大盘v1.xlsx
口腔护理,TheraBreath,,美国,false,个人护理,口腔护理产品,57555594.76,5603690.17,376062,20,15.52148587188931,漱口水 / 口腔干燥缓解产品 / 口腔疼痛治疗,Z:\主线任务2-天眼计划\行业专题研究\行研报告\美容和个人护理-行业研究\美容和个人护理（已处理）\个人护理\个人护理竞品分析底表-市场大盘v1.xlsx
男士剃须/理容,Gillette Venus,,美国,false,剃须和脱毛,女性剃须和脱毛产品,57402503.67,5084409.3,388362,65,16.9038240522847,女式刀片式剃须刀 / 药筒 / 女式一次性剃须刀,Z:\主线任务2-天眼计划\行业专题研究\行研报告\美容和个人护理-行业研究\美容和个人护理（已处理）\剃须和脱毛\剃须和脱毛竞品分析底表-市场大盘v1.xlsx
身体/沐浴/除臭,L‘Oreal Paris,,美国,false,个人护理,皮肤护理产品,57055440.89,4809622.27,299025,23,21.03700678196918,面部保湿霜 / 面部精华液 / 身体自鞣剂,Z:\主线任务2-天眼计划\行业专题研究\行研报告\美容和个人护理-行业研究\美容和个人护理（已处理）\个人护理\个人护理竞品分析底表-市场大盘v1.xlsx
男士剃须/理容,eos,,美国,false,个人护理,皮肤护理产品,56625884.29,4662921.27,689295,15,8.094143874725981,润唇膏和润肤霜 / 女性剃须膏 / 身体乳液,Z:\主线任务2-天眼计划\行业专题研究\行研报告\美容和个人护理-行业研究\美容和个人护理（已处理）\个人护理\个人护理竞品分析底表-市场大盘v1.xlsx
功效面部护肤,Clinique,,美国,false,个人护理,皮肤护理产品,55933680.95,4646491.9,135618,31,40.62799902136921,面部保湿霜 / 洗面奶 / 眼部护理霜,Z:\主线任务2-天眼计划\行业专题研究\行研报告\美容和个人护理-行业研究\美容和个人护理（已处理）\个人护理\个人护理竞品分析底表-市场大盘v1.xlsx
身体/沐浴/除臭,Salt & Stone,,美国,false,护肤与个护,除臭剂和止汗剂,55395808,4263455,167932,7,28.4385257965664,除臭剂 / 沐浴露 / 洗面奶,Z:\主线任务2-天眼计划\行业专题研究\行研报告\健康与家庭-行业报告 V2.0\健康与家庭底表（已处理）\个人护理产品\个人护理产品竞品分析底表-市场大盘v1.xlsx
身体/沐浴/除臭,Salt & Stone,,美国,false,个人护理,除臭剂和止汗剂,55395808,4263455,167932,7,28.4385257965664,除臭剂 / 沐浴露 / 洗面奶,Z:\主线任务2-天眼计划\行业专题研究\行研报告\美容和个人护理-行业研究\美容和个人护理（已处理）\个人护理\个人护理竞品分析底表-市场大盘v1.xlsx
口腔护理,Dr. Bronner‘s,,美国,false,护肤与个护,皮肤护理产品,55316201.7,4296240.37,189741,20,27.69208949092219,沐浴皂 / 牙膏 / --,Z:\主线任务2-天眼计划\行业专题研究\行研报告\健康与家庭-行业报告 V2.0\健康与家庭底表（已处理）\个人护理产品\个人护理产品竞品分析底表-市场大盘v1.xlsx
口腔护理,Sensodyne,,美国,false,美妆个护综合,牙膏,55204935.74,5243118.31,339190,25,17.54856796948761,牙膏 / 手动牙刷 / 儿童牙膏,Z:\主线任务2-天眼计划\行业专题研究\行研报告\健康与家庭-行业报告 V2.0\健康与家庭底表（已处理）\口腔护理产品\口腔护理产品竞品分析底表-市场大盘v1.xlsx
口腔护理,TheraBreath,,美国,false,美妆个护综合,漱口水,55170878.24,5600725.84,384095,30,15.15372882087011,漱口水 / 牙膏 / 口腔干燥缓解产品,Z:\主线任务2-天眼计划\行业专题研究\行研报告\健康与家庭-行业报告 V2.0\健康与家庭底表（已处理）\口腔护理产品\口腔护理产品竞品分析底表-市场大盘v1.xlsx
口腔护理,Dr. Bronner‘s,,美国,false,个人护理,皮肤护理产品,55117442.38,4269154.8,189741,20,27.69208949092219,沐浴皂 / 牙膏 / 其他,Z:\主线任务2-天眼计划\行业专题研究\行研报告\美容和个人护理-行业研究\美容和个人护理（已处理）\个人护理\个人护理竞品分析底表-市场大盘v1.xlsx
口腔护理,Aquasonic,,美国,false,护肤与个护,口腔护理产品,55009501.61000001,3977483.09,128027,11,35.55096664315422,超声波牙刷 / 电动牙线 / 电动牙刷更换刷头,Z:\主线任务2-天眼计划\行业专题研究\行研报告\健康与家庭-行业报告 V2.0\健康与家庭底表（已处理）\个人护理产品\个人护理产品竞品分析底表-市场大盘v1.xlsx
口腔护理,Aquasonic,,美国,false,个人护理,口腔护理产品,55009501.61000001,3977483.09,128027,11,35.55096664315422,超声波牙刷 / 电动牙线 / 电动牙刷更换刷头,Z:\主线任务2-天眼计划\行业专题研究\行研报告\美容和个人护理-行业研究\美容和个人护理（已处理）\个人护理\个人护理竞品分析底表-市场大盘v1.xlsx
身体/沐浴/除臭,Dial,,美国,false,皮肤护理,身体护肤品,54932983.46,3482878.52,280047,23,15.4384592331403,沐浴露 / 手洗 / 沐浴皂,Z:\主线任务2-天眼计划\行业专题研究\行研报告\美容和个人护理-行业研究\美容和个人护理（已处理）\皮肤护理\皮肤护理竞品分析底表-市场大盘v1.xlsx
身体/沐浴/除臭,eos,,美国,false,皮肤护理,身体护肤品,54693826.64,4332914.52,679111,20,7.913122583272195,润唇膏和润肤霜 / 身体乳液 / 唇膏,Z:\主线任务2-天眼计划\行业专题研究\行研报告\美容和个人护理-行业研究\美容和个人护理（已处理）\皮肤护理\皮肤护理竞品分析底表-市场大盘v1.xlsx
身体/沐浴/除臭,Dr. Squatch,,美国,false,护肤与个护,皮肤护理产品,54396425.5,4281804.779999999,142969,16,34.33080179675541,沐浴皂 / 除臭剂 / 沐浴露,Z:\主线任务2-天眼计划\行业专题研究\行研报告\健康与家庭-行业报告 V2.0\健康与家庭底表（已处理）\个人护理产品\个人护理产品竞品分析底表-市场大盘v1.xlsx
身体/沐浴/除臭,Dr. Bronner‘s,,美国,false,皮肤护理,身体护肤品,53814035.30999999,4140361.33,189072,21,27.66323122578773,沐浴皂 / 其他 / 洗面奶,Z:\主线任务2-天眼计划\行业专题研究\行研报告\美容和个人护理-行业研究\美容和个人护理（已处理）\皮肤护理\皮肤护理竞品分析底表-市场大盘v1.xlsx
身体/沐浴/除臭,Vanicream,,美国,false,皮肤护理,面部皮肤护理产品,53633985.75,4784632.859999999,361927,14,14.73179260968416,面部保湿霜 / 身体乳液 / 洗面奶,Z:\主线任务2-天眼计划\行业专题研究\行研报告\美容和个人护理-行业研究\美容和个人护理（已处理）\皮肤护理\皮肤护理竞品分析底表-市场大盘v1.xlsx
身体/沐浴/除臭,Dr. Squatch,,美国,false,个人护理,皮肤护理产品,53558377.8,4218190.18,142969,16,34.33080179675541,沐浴皂 / 除臭剂 / 沐浴露,Z:\主线任务2-天眼计划\行业专题研究\行研报告\美容和个人护理-行业研究\美容和个人护理（已处理）\个人护理\个人护理竞品分析底表-市场大盘v1.xlsx
美甲/手足护理,modelones,,中国,true,足部、手部和指甲护理,指甲油和装饰产品,53344408.25,3390992.8,347676,73,11.01003166081627,假指甲胶 / 按压假指甲 / 指甲油面漆,Z:\主线任务2-天眼计划\行业专题研究\行研报告\美容和个人护理-行业研究\美容和个人护理（已处理）\足部、手部和指甲护理\足部、手部和指甲护理竞品分析底表-市场大盘v1.xlsx
口腔护理,Sensodyne,,美国,false,护肤与个护,口腔护理产品,53315982.29,5022999.74,308947,12,17.8284297353358,牙膏,Z:\主线任务2-天眼计划\行业专题研究\行研报告\健康与家庭-行业报告 V2.0\健康与家庭底表（已处理）\个人护理产品\个人护理产品竞品分析底表-市场大盘v1.xlsx
口腔护理,Sensodyne,,美国,false,个人护理,口腔护理产品,53315982.29,5022999.74,308947,12,17.8284297353358,牙膏,Z:\主线任务2-天眼计划\行业专题研究\行研报告\美容和个人护理-行业研究\美容和个人护理（已处理）\个人护理\个人护理竞品分析底表-市场大盘v1.xlsx
造型工具/吹风,REVLON,,美国,false,头发护理,造型工具和设备,53190723.83,3983845.19,152605,21,33.6411226416908,电吹风 / 头发颜色（Hair Color） / 热风毛刷,Z:\主线任务2-天眼计划\行业专题研究\行研报告\美容和个人护理-行业研究\美容和个人护理（已处理）\头发护理\头发护理竞品分析底表-市场大盘v1.xlsx
功效面部护肤,Mighty Patch,,美国,false,皮肤护理,面部皮肤护理产品,53124204.2,3728771.42,310608,12,12.23625755016112,毛孔清洁条 / 眼部皱纹垫和贴片 / 面膜,Z:\主线任务2-天眼计划\行业专题研究\行研报告\美容和个人护理-行业研究\美容和个人护理（已处理）\皮肤护理\皮肤护理竞品分析底表-市场大盘v1.xlsx
功效面部护肤,Mrs. MEYER‘S,,美国,false,足部、手部和指甲护理,足部和手部护理,52951827.8,1097703.87,66001,11,23.88573613655931,足部和手部护理 / 手洗,Z:\主线任务2-天眼计划\行业专题研究\行研报告\美容和个人护理-行业研究\美容和个人护理（已处理）\足部、手部和指甲护理\足部、手部和指甲护理竞品分析底表-市场大盘v1.xlsx
口腔护理,GuruNanda,,美国,false,护肤与个护,口腔护理产品,52918194.77,2832176.25,298507,18,13.45213580832054,手动牙刷 / 漱口水 / 电动牙线,Z:\主线任务2-天眼计划\行业专题研究\行研报告\健康与家庭-行业报告 V2.0\健康与家庭底表（已处理）\个人护理产品\个人护理产品竞品分析底表-市场大盘v1.xlsx
口腔护理,GuruNanda,,美国,false,个人护理,口腔护理产品,52918194.77,2832176.25,298507,18,13.45213580832054,手动牙刷 / 漱口水 / 电动牙线,Z:\主线任务2-天眼计划\行业专题研究\行研报告\美容和个人护理-行业研究\美容和个人护理（已处理）\个人护理\个人护理竞品分析底表-市场大盘v1.xlsx
男士剃须/理容,Armani Beauty,,美国,false,香水,男士香水,52912735.699999996,2431640.54,21564,32,128.7077820209673,女式香水 / 男士淡香水 / 男子科隆,Z:\主线任务2-天眼计划\行业专题研究\行研报告\美容和个人护理-行业研究\美容和个人护理（已处理）\香水\香水竞品分析底表-市场大盘v1.xlsx
身体/沐浴/除臭,Softsoap,,美国,false,皮肤护理,身体护肤品,52512063.83,1800978.24,195469,18,16.94450958185924,手洗 / 足部和手部护理 / 沐浴露,Z:\主线任务2-天眼计划\行业专题研究\行研报告\美容和个人护理-行业研究\美容和个人护理（已处理）\皮肤护理\皮肤护理竞品分析底表-市场大盘v1.xlsx
口腔护理,Nizoral,,美国,false,头发护理,洗发水和护发素,52364246.63,4547800.07,227036,5,22.09260169260255,洗发水 / 二合一洗发水和护发素 / 头皮护理,Z:\主线任务2-天眼计划\行业专题研究\行研报告\美容和个人护理-行业研究\美容和个人护理（已处理）\头发护理\头发护理竞品分析底表-市场大盘v1.xlsx
功效面部护肤,RoC,,美国,false,皮肤护理,面部皮肤护理产品,52109492.21,4694504.49,211789,21,23.96889614258309,眼部护理霜 / 面部精华液 / 面部保湿霜,Z:\主线任务2-天眼计划\行业专题研究\行研报告\美容和个人护理-行业研究\美容和个人护理（已处理）\皮肤护理\皮肤护理竞品分析底表-市场大盘v1.xlsx
彩妆/卸妆,REVLON,,美国,false,护肤与个护,眼部化妆,51865826.309999995,4319349.33,450868,76,8.64314156230248,口红 / 眼线笔 / 基础组成,Z:\主线任务2-天眼计划\行业专题研究\行研报告\美容和个人护理-行业研究\美容和个人护理（已处理）\化妆\化妆竞品分析底表-市场大盘v1.xlsx
身体/沐浴/除臭,DOVE MEN + CARE,,美国,false,护肤与个护,皮肤护理产品,51697319.61,3611124.76,280478,21,15.12474145025109,沐浴露 / 止汗除臭剂 / 沐浴皂,Z:\主线任务2-天眼计划\行业专题研究\行研报告\健康与家庭-行业报告 V2.0\健康与家庭底表（已处理）\个人护理产品\个人护理产品竞品分析底表-市场大盘v1.xlsx
身体/沐浴/除臭,DOVE MEN + CARE,,美国,false,个人护理,皮肤护理产品,51697319.61,3611124.76,280478,21,15.12474145025109,沐浴露 / 止汗除臭剂 / 沐浴皂,Z:\主线任务2-天眼计划\行业专题研究\行研报告\美容和个人护理-行业研究\美容和个人护理（已处理）\个人护理\个人护理竞品分析底表-市场大盘v1.xlsx
功效面部护肤,BIODANCE,,韩国,false,皮肤护理,面部皮肤护理产品,51524193.9,5889806.8,292452,9,20.39083139705024,眼罩 / 面膜 / 面部保湿霜,Z:\主线任务2-天眼计划\行业专题研究\行研报告\美容和个人护理-行业研究\美容和个人护理（已处理）\皮肤护理\皮肤护理竞品分析底表-市场大盘v1.xlsx
造型工具/吹风,American Soft Linen,,美国,false,护肤与个护,浴室毛巾,51294111.34,2728547.8899999997,44161,4,39.83,浴巾 / 沙滩毛巾 / 吹风毛巾,Z:\主线任务2-天眼计划\行业专题研究\行研报告\家庭和厨房-行业研究\沐浴产品竞品分析底表-市场大盘v1.xlsx
功效面部护肤,bareMinerals,,美国,false,护肤与个护,面部化妆,51162604.5,4485150.5,104727,28,34.25655425331941,基础组成 / 面部腮红 / 遮瑕膏和中和妆,Z:\主线任务2-天眼计划\行业专题研究\行研报告\美容和个人护理-行业研究\美容和个人护理（已处理）\化妆\化妆竞品分析底表-市场大盘v1.xlsx
功效面部护肤,Mighty Patch,,美国,false,护肤与个护,皮肤护理产品,50856901.89,3581665.61,296714,8,12.27854172961166,毛孔清洁条 / 眼部皱纹垫和贴片 / 面部护理和面膜,Z:\主线任务2-天眼计划\行业专题研究\行研报告\健康与家庭-行业报告 V2.0\健康与家庭底表（已处理）\个人护理产品\个人护理产品竞品分析底表-市场大盘v1.xlsx
功效面部护肤,Mighty Patch,,美国,false,个人护理,皮肤护理产品,50856901.89,3581665.61,296714,8,12.27854172961166,毛孔清洁条 / 眼部皱纹垫和贴片 / 面部护理和面膜,Z:\主线任务2-天眼计划\行业专题研究\行研报告\美容和个人护理-行业研究\美容和个人护理（已处理）\个人护理\个人护理竞品分析底表-市场大盘v1.xlsx
功效面部护肤,Dermalogica,,美国,false,皮肤护理,面部皮肤护理产品,50765292.5,3352226.5,53219,29,71.31580465997747,洗面奶 / 面部保湿霜 / 面部磨砂膏,Z:\主线任务2-天眼计划\行业专题研究\行研报告\美容和个人护理-行业研究\美容和个人护理（已处理）\皮肤护理\皮肤护理竞品分析底表-市场大盘v1.xlsx
彩妆/卸妆,COVERGIRL,,美国,false,护肤与个护,面部化妆,50646447.43,3887455.8600000003,481764,104,8.50604022456221,基础组成 / 睫毛膏 / 扑面粉,Z:\主线任务2-天眼计划\行业专题研究\行研报告\美容和个人护理-行业研究\美容和个人护理（已处理）\化妆\化妆竞品分析底表-市场大盘v1.xlsx
美容工具/仪器,grace & stella,,美国,false,皮肤护理,眼部护理产品,50596309.38,3129911.54,232895,11,15.79179348429764,毛孔清洁条 / 唇膏 / 护肤套装和工具包,Z:\主线任务2-天眼计划\行业专题研究\行研报告\美容和个人护理-行业研究\美容和个人护理（已处理）\皮肤护理\皮肤护理竞品分析底表-市场大盘v1.xlsx
男士剃须/理容,Harry‘s,,美国,false,护肤与个护,剃须和脱毛产品,50277459.74,3903384.46,127237,10,20.53325943923506,男子子弹剃刀 / 沐浴露 / 洗面奶,Z:\主线任务2-天眼计划\行业专题研究\行研报告\健康与家庭-行业报告 V2.0\健康与家庭底表（已处理）\个人护理产品\个人护理产品竞品分析底表-市场大盘v1.xlsx
口腔护理,Listerine,,美国,false,护肤与个护,口腔护理产品,49996564.31,3870060.41,459407,18,10.73274358962784,漱口水 / 呼吸清新剂 / --,Z:\主线任务2-天眼计划\行业专题研究\行研报告\健康与家庭-行业报告 V2.0\健康与家庭底表（已处理）\个人护理产品\个人护理产品竞品分析底表-市场大盘v1.xlsx
口腔护理,Listerine,,美国,false,个人护理,口腔护理产品,49996564.31,3870060.41,459407,18,10.73274358962784,漱口水 / 呼吸清新剂 / 其他,Z:\主线任务2-天眼计划\行业专题研究\行研报告\美容和个人护理-行业研究\美容和个人护理（已处理）\个人护理\个人护理竞品分析底表-市场大盘v1.xlsx
男士剃须/理容,Gillette Venus,,美国,false,个人护理,剃须和脱毛产品,49832713.99,4608818.74,349959,30,16.94099991990572,女式刀片式剃须刀 / 药筒 / 女式一次性剃须刀,Z:\主线任务2-天眼计划\行业专题研究\行研报告\美容和个人护理-行业研究\美容和个人护理（已处理）\个人护理\个人护理竞品分析底表-市场大盘v1.xlsx
功效面部护肤,Kiehl‘s,,美国,false,皮肤护理,面部皮肤护理产品,49688171.25,4049748,92034,29,47.54784754508182,面部保湿霜 / 眼部护理霜 / 洗面奶,Z:\主线任务2-天眼计划\行业专题研究\行研报告\美容和个人护理-行业研究\美容和个人护理（已处理）\皮肤护理\皮肤护理竞品分析底表-市场大盘v1.xlsx
身体/沐浴/除臭,Lume,,美国,false,护肤与个护,除臭剂和止汗剂,49487435.27,3771737.76,152708,12,26.82309501623464,除臭剂 / 止汗除臭剂 / 面部清洁棒,Z:\主线任务2-天眼计划\行业专题研究\行研报告\健康与家庭-行业报告 V2.0\健康与家庭底表（已处理）\个人护理产品\个人护理产品竞品分析底表-市场大盘v1.xlsx
身体/沐浴/除臭,Lume,,美国,false,个人护理,除臭剂和止汗剂,49487435.27,3771737.76,152708,12,26.82309501623464,除臭剂 / 止汗除臭剂 / 面部清洁棒,Z:\主线任务2-天眼计划\行业专题研究\行研报告\美容和个人护理-行业研究\美容和个人护理（已处理）\个人护理\个人护理竞品分析底表-市场大盘v1.xlsx
洗护/头皮/防脱,ORIBE,,美国,false,头发护理,洗发水和护发素,47638645,3610785,73167,44,51.17932942559582,发胶 / 洗发水 / 护发素,Z:\主线任务2-天眼计划\行业专题研究\行研报告\美容和个人护理-行业研究\美容和个人护理（已处理）\头发护理\头发护理竞品分析底表-市场大盘v1.xlsx
身体/沐浴/除臭,e.l.f.,,美国,false,皮肤护理,面部皮肤护理产品,47552097.4,3929460.16,345505,36,12.30585599743045,面部薄雾 / 面部皮肤护理套件 / 润唇膏和润肤霜,Z:\主线任务2-天眼计划\行业专题研究\行研报告\美容和个人护理-行业研究\美容和个人护理（已处理）\皮肤护理\皮肤护理竞品分析底表-市场大盘v1.xlsx
功效面部护肤,Kiehl‘s,,美国,false,护肤与个护,皮肤护理产品,46871983.5,3826149.25,85495,21,47.64328646463932,面部保湿霜 / 眼部护理霜 / 面部防晒霜,Z:\主线任务2-天眼计划\行业专题研究\行研报告\健康与家庭-行业报告 V2.0\健康与家庭底表（已处理）\个人护理产品\个人护理产品竞品分析底表-市场大盘v1.xlsx
功效面部护肤,UEOFEN,,中国,true,美妆个护综合,义齿护理,46859715.1,981360.9099999999,27960,5,36.99918723143355,义齿浴 / 义齿清洁剂,Z:\主线任务2-天眼计划\行业专题研究\行研报告\健康与家庭-行业报告 V2.0\健康与家庭底表（已处理）\口腔护理产品\口腔护理产品竞品分析底表-市场大盘v1.xlsx
功效面部护肤,grace & stella,,美国,false,护肤与个护,皮肤护理产品,46670669.39,2998025.35,220808,7,15.82380001409196,毛孔清洁条 / 眼罩 / 眼部护理霜,Z:\主线任务2-天眼计划\行业专题研究\行研报告\健康与家庭-行业报告 V2.0\健康与家庭底表（已处理）\个人护理产品\个人护理产品竞品分析底表-市场大盘v1.xlsx
功效面部护肤,grace & stella,,美国,false,个人护理,皮肤护理产品,46524789.33,2988795.89,220808,7,15.82380001409196,毛孔清洁条 / 眼罩 / 眼部护理霜,Z:\主线任务2-天眼计划\行业专题研究\行研报告\美容和个人护理-行业研究\美容和个人护理（已处理）\个人护理\个人护理竞品分析底表-市场大盘v1.xlsx
口腔护理,GUM,,美国,false,美妆个护综合,牙线和牙签,46001574.13,2624810.23,194339,75,16.13988321506199,牙间刷牙 / 手动牙刷 / 牙线,Z:\主线任务2-天眼计划\行业专题研究\行研报告\健康与家庭-行业报告 V2.0\健康与家庭底表（已处理）\口腔护理产品\口腔护理产品竞品分析底表-市场大盘v1.xlsx
功效面部护肤,Kiehl‘s,,美国,false,个人护理,皮肤护理产品,45987150.5,3789594.25,85495,21,47.64328646463932,面部保湿霜 / 眼部护理霜 / 面部防晒霜,Z:\主线任务2-天眼计划\行业专题研究\行研报告\美容和个人护理-行业研究\美容和个人护理（已处理）\个人护理\个人护理竞品分析底表-市场大盘v1.xlsx
彩妆/卸妆,Estée Lauder,,美国,false,护肤与个护,面部化妆,45744466.150000006,4345371.55,56419,32,45.97418365607367,基础组成 / 眼线笔 / 睫毛膏,Z:\主线任务2-天眼计划\行业专题研究\行研报告\美容和个人护理-行业研究\美容和个人护理（已处理）\化妆\化妆竞品分析底表-市场大盘v1.xlsx
彩妆/卸妆,Wonderskin,,美国,false,护肤与个护,唇部彩妆,45625506.4,3519958.1,169433,14,20.60629992672075,唇彩 / 唇部色斑 / 睫毛膏,Z:\主线任务2-天眼计划\行业专题研究\行研报告\美容和个人护理-行业研究\美容和个人护理（已处理）\化妆\化妆竞品分析底表-市场大盘v1.xlsx
男士剃须/理容,Yves Saint Laurent,,美国,false,香水,男士香水,45491320.26,2685980.99,29733,85,109.3501137912,女式香水 / 男士香水 / 女式淡香水,Z:\主线任务2-天眼计划\行业专题研究\行研报告\美容和个人护理-行业研究\美容和个人护理（已处理）\香水\香水竞品分析底表-市场大盘v1.xlsx
男士剃须/理容,MANSCAPED,,美国,false,剃须和脱毛,男士剃须和脱毛产品,45192586.81,2820455.66,46380,18,79.60158294266537,男士箔片剃须刀 / 男士剃须和美容套装 / 轴承调节器和油,Z:\主线任务2-天眼计划\行业专题研究\行研报告\美容和个人护理-行业研究\美容和个人护理（已处理）\剃须和脱毛\剃须和脱毛竞品分析底表-市场大盘v1.xlsx
香水/香氛,Sol de Janeiro,,美国,false,香水,女性香水,45105234.5,2730770.5,80061,1,26,女性身体喷雾香水,Z:\主线任务2-天眼计划\行业专题研究\行研报告\美容和个人护理-行业研究\美容和个人护理（已处理）\香水\香水竞品分析底表-市场大盘v1.xlsx
洗护/头皮/防脱,Sol de Janeiro,,美国,false,头发护理,女性香水,44982241,2338484,85947,2,25.71973868942024,女性身体喷雾香水 / 护发素,Z:\主线任务2-天眼计划\行业专题研究\行研报告\美容和个人护理-行业研究\美容和个人护理（已处理）\头发护理\头发护理竞品分析底表-市场大盘v1.xlsx
美甲/手足护理,beetles Gel Polish,,中国,true,护肤与个护,足部、手部和指甲护理产品,44896220.75,2366647.94,268891,28,11.16666279742478,假指甲尖 / 假指甲胶 / 组合钉底和顶涂层,Z:\主线任务2-天眼计划\行业专题研究\行研报告\美容和个人护理-行业研究\美容和个人护理（已处理）\礼品套装\礼品套装竞品分析底表-市场大盘v1.xlsx
造型工具/吹风,CHI,,美国,false,头发护理,造型工具和设备,44613728.79,2343746.9,90175,25,52.57498920365505,发胶 / 直发熨斗 / 卷发器,Z:\主线任务2-天眼计划\行业专题研究\行研报告\美容和个人护理-行业研究\美容和个人护理（已处理）\头发护理\头发护理竞品分析底表-市场大盘v1.xlsx
彩妆/卸妆,It Cosmetics,,美国,false,皮肤护理,面部皮肤护理产品,44096323,2668589.8000000003,65978,6,38.71797256798754,CC面霜 / 面部保湿霜,Z:\主线任务2-天眼计划\行业专题研究\行研报告\美容和个人护理-行业研究\美容和个人护理（已处理）\皮肤护理\皮肤护理竞品分析底表-市场大盘v1.xlsx
洗护/头皮/防脱,Aveda,,美国,false,头发护理,洗发水和护发素,43787968,3161337,107977,50,35.30184191055873,护发素 / 洗发水 / 发型凝胶,Z:\主线任务2-天眼计划\行业专题研究\行研报告\美容和个人护理-行业研究\美容和个人护理（已处理）\头发护理\头发护理竞品分析底表-市场大盘v1.xlsx
男士剃须/理容,Philips,,美国,false,护肤与个护,剃须和脱毛产品,43421473.86,4803199.28,32296,24,224.762879541998,男士电动剃须刀更换头 / 脱毛脱毛器 / 胡须修剪器,Z:\主线任务2-天眼计划\行业专题研究\行研报告\美容和个人护理-行业研究\美容和个人护理（已处理）\美容工具和配件\美容工具和配件竞品分析底表-市场大盘v1.xlsx
身体/沐浴/除臭,Naturium,,美国,false,皮肤护理,身体护肤品,43310271.22,4777524.49,245627,32,20.98110526204754,面部精华液 / 身体乳液 / 润唇膏和润肤霜,Z:\主线任务2-天眼计划\行业专题研究\行研报告\美容和个人护理-行业研究\美容和个人护理（已处理）\皮肤护理\皮肤护理竞品分析底表-市场大盘v1.xlsx
彩妆/卸妆,It Cosmetics,,美国,false,个人护理,皮肤护理产品,43305257.4,2638097,65978,6,38.71797256798754,CC面霜 / 面部保湿霜,Z:\主线任务2-天眼计划\行业专题研究\行研报告\美容和个人护理-行业研究\美容和个人护理（已处理）\个人护理\个人护理竞品分析底表-市场大盘v1.xlsx
美甲/手足护理,MelodySusie,,美国,false,足部、手部和指甲护理,指甲油和装饰产品,43274384.27,3371312.59,224254,106,30.7473514489797,电动钉钻头 / 电动钉钻 / 丙烯酸指甲工具,Z:\主线任务2-天眼计划\行业专题研究\行研报告\美容和个人护理-行业研究\美容和个人护理（已处理）\足部、手部和指甲护理\足部、手部和指甲护理竞品分析底表-市场大盘v1.xlsx
身体/沐浴/除臭,Burt‘s Bees,,美国,false,皮肤护理,唇部护理产品,42873757.96,2063755.41,185518,16,11.68530416688284,润唇膏和润肤霜 / 护肤套装和工具包 / 孕妇皮肤护理,Z:\主线任务2-天眼计划\行业专题研究\行研报告\美容和个人护理-行业研究\美容和个人护理（已处理）\皮肤护理\皮肤护理竞品分析底表-市场大盘v1.xlsx
身体/沐浴/除臭,Aveeno,,美国,false,护肤与个护,皮肤护理产品,42839045.26,3604738.73,373915,27,10.582247906326,沐浴露 / 面部保湿霜 / 身体乳液,Z:\主线任务2-天眼计划\行业专题研究\行研报告\健康与家庭-行业报告 V2.0\健康与家庭底表（已处理）\个人护理产品\个人护理产品竞品分析底表-市场大盘v1.xlsx
身体/沐浴/除臭,Aquaphor,,美国,false,皮肤护理,身体护肤品,42604907.37,3209491.27,306604,10,11.50609264916305,润唇膏和润肤霜 / 身体润肤霜 / 身体霜,Z:\主线任务2-天眼计划\行业专题研究\行研报告\美容和个人护理-行业研究\美容和个人护理（已处理）\皮肤护理\皮肤护理竞品分析底表-市场大盘v1.xlsx
身体/沐浴/除臭,e.l.f.,,美国,false,个人护理,皮肤护理产品,42445344.44,3539228.48,304021,25,12.54101002741705,润唇膏和润肤霜 / 面部皮肤护理套件 / 面部精华液,Z:\主线任务2-天眼计划\行业专题研究\行研报告\美容和个人护理-行业研究\美容和个人护理（已处理）\个人护理\个人护理竞品分析底表-市场大盘v1.xlsx
男士剃须/理容,MANSCAPED,,美国,false,个人护理,剃须和脱毛产品,42434717.99,2832527.19,48307,9,78.10541547539388,男士箔片剃须刀 / 剪发刀和剪发刀 / 男士剃须和美容套装,Z:\主线任务2-天眼计划\行业专题研究\行研报告\美容和个人护理-行业研究\美容和个人护理（已处理）\个人护理\个人护理竞品分析底表-市场大盘v1.xlsx
口腔护理,SENSODYNE PRONAMEL,,美国,false,美妆个护综合,牙膏,42172310.04,4039011.33,268966,17,19.26344131792768,牙膏 / 漱口水,Z:\主线任务2-天眼计划\行业专题研究\行研报告\健康与家庭-行业报告 V2.0\健康与家庭底表（已处理）\口腔护理产品\口腔护理产品竞品分析底表-市场大盘v1.xlsx
彩妆/卸妆,NYX PROFESSIONAL MAKEUP,,美国,false,护肤与个护,眼部化妆,42138938.379999995,3148108.9899999998,287836,57,10.98745732196483,眉毛颜色 / 基础底漆 / 遮瑕膏和中和妆,Z:\主线任务2-天眼计划\行业专题研究\行研报告\美容和个人护理-行业研究\美容和个人护理（已处理）\化妆\化妆竞品分析底表-市场大盘v1.xlsx
身体/沐浴/除臭,Method,,美国,false,皮肤护理,身体护肤品,42050771.42,2820064.13,234233,20,14.16170912435952,手洗 / 沐浴露 / 足部和手部护理,Z:\主线任务2-天眼计划\行业专题研究\行研报告\美容和个人护理-行业研究\美容和个人护理（已处理）\皮肤护理\皮肤护理竞品分析底表-市场大盘v1.xlsx
口腔护理,Opalescence,,墨西哥,false,美妆个护综合,牙齿美白产品,41958069.74,3722099.97,83902,31,54.98016185817278,牙齿美白凝胶 / 牙齿美白套装 / 牙膏,Z:\主线任务2-天眼计划\行业专题研究\行研报告\健康与家庭-行业报告 V2.0\健康与家庭底表（已处理）\口腔护理产品\口腔护理产品竞品分析底表-市场大盘v1.xlsx
男士剃须/理容,Wahl,,美国,false,头发护理,理发工具,41608498,2861731.49,76313,20,49.70913293479537,剪发器 / 理发工具包 / 剃须和脱毛产品,Z:\主线任务2-天眼计划\行业专题研究\行研报告\美容和个人护理-行业研究\美容和个人护理（已处理）\头发护理\头发护理竞品分析底表-市场大盘v1.xlsx
功效面部护肤,Beauty of Joseon,,韩国,false,护肤与个护,皮肤护理产品,41574781.68,3734561.38,195341,15,18.96261668392766,面部保湿霜 / 面部精华液 / 洗面奶,Z:\主线任务2-天眼计划\行业专题研究\行研报告\健康与家庭-行业报告 V2.0\健康与家庭底表（已处理）\个人护理产品\个人护理产品竞品分析底表-市场大盘v1.xlsx
功效面部护肤,Dermalogica,,美国,false,护肤与个护,皮肤护理产品,41362431.5,3189845,43798,18,73.70294737059031,面部保湿霜 / 洗面奶 / 面部磨砂膏,Z:\主线任务2-天眼计划\行业专题研究\行研报告\健康与家庭-行业报告 V2.0\健康与家庭底表（已处理）\个人护理产品\个人护理产品竞品分析底表-市场大盘v1.xlsx
身体/沐浴/除臭,Naturium,,美国,false,护肤与个护,皮肤护理产品,41318177.97,4515721.79,229265,24,21.15031579886147,面部精华液 / 身体乳液 / 身体磨砂和护理,Z:\主线任务2-天眼计划\行业专题研究\行研报告\健康与家庭-行业报告 V2.0\健康与家庭底表（已处理）\个人护理产品\个人护理产品竞品分析底表-市场大盘v1.xlsx
身体/沐浴/除臭,Naturium,,美国,false,个人护理,皮肤护理产品,41318177.97,4515721.79,229265,24,21.15031579886147,面部精华液 / 身体乳液 / 身体磨砂和护理,Z:\主线任务2-天眼计划\行业专题研究\行研报告\美容和个人护理-行业研究\美容和个人护理（已处理）\个人护理\个人护理竞品分析底表-市场大盘v1.xlsx
洗护/头皮/防脱,NIOXIN,,美国,false,头发护理,脱发产品,41177384.6,2650373.4,43908,17,49.86481984828542,头发再生治疗 / 护发素 / 头皮护理,Z:\主线任务2-天眼计划\行业专题研究\行研报告\美容和个人护理-行业研究\美容和个人护理（已处理）\头发护理\头发护理竞品分析底表-市场大盘v1.xlsx
身体/沐浴/除臭,Aveeno,,美国,false,个人护理,皮肤护理产品,41163787.28,3454908.69,373915,27,10.582247906326,沐浴露 / 面部保湿霜 / 身体乳液,Z:\主线任务2-天眼计划\行业专题研究\行研报告\美容和个人护理-行业研究\美容和个人护理（已处理）\个人护理\个人护理竞品分析底表-市场大盘v1.xlsx
身体/沐浴/除臭,Aveeno,,美国,false,皮肤护理,身体护肤品,41106259.08,3437081.5,366527,31,10.50676218402153,沐浴露 / 洗面奶 / 身体乳液,Z:\主线任务2-天眼计划\行业专题研究\行研报告\美容和个人护理-行业研究\美容和个人护理（已处理）\皮肤护理\皮肤护理竞品分析底表-市场大盘v1.xlsx
身体/沐浴/除臭,Aquaphor,,美国,false,护肤与个护,皮肤护理产品,40966744.67999999,3146657.46,299087,8,11.50979429886849,润唇膏和润肤霜 / 身体润肤霜 / 身体霜,Z:\主线任务2-天眼计划\行业专题研究\行研报告\健康与家庭-行业报告 V2.0\健康与家庭底表（已处理）\个人护理产品\个人护理产品竞品分析底表-市场大盘v1.xlsx
身体/沐浴/除臭,Aquaphor,,美国,false,个人护理,皮肤护理产品,40966744.67999999,3146657.46,299087,8,11.50979429886849,润唇膏和润肤霜 / 身体润肤霜 / 身体霜,Z:\主线任务2-天眼计划\行业专题研究\行研报告\美容和个人护理-行业研究\美容和个人护理（已处理）\个人护理\个人护理竞品分析底表-市场大盘v1.xlsx
功效面部护肤,DRMTLGY,,美国,false,皮肤护理,面部皮肤护理产品,40947087.05,2707234.8,88021,13,33.59399227026781,眼部护理霜 / 面部精华液 / 眼罩,Z:\主线任务2-天眼计划\行业专题研究\行研报告\美容和个人护理-行业研究\美容和个人护理（已处理）\皮肤护理\皮肤护理竞品分析底表-市场大盘v1.xlsx
口腔护理,SENSODYNE PRONAMEL,,美国,false,护肤与个护,口腔护理产品,40604451.94,3956725.17,261472,12,19.25045045938836,牙膏 / 漱口水,Z:\主线任务2-天眼计划\行业专题研究\行研报告\健康与家庭-行业报告 V2.0\健康与家庭底表（已处理）\个人护理产品\个人护理产品竞品分析底表-市场大盘v1.xlsx
口腔护理,SENSODYNE PRONAMEL,,美国,false,个人护理,口腔护理产品,40604451.94,3956725.17,261472,12,19.25045045938836,牙膏 / 漱口水,Z:\主线任务2-天眼计划\行业专题研究\行研报告\美容和个人护理-行业研究\美容和个人护理（已处理）\个人护理\个人护理竞品分析底表-市场大盘v1.xlsx
男士剃须/理容,Panasonic,,美国,false,剃须和脱毛,男士剃须和脱毛产品,40555428.59,2693474.95,36437,35,143.2408234080291,男士箔片剃须刀 / 鼻子和耳朵修剪器 / 胡须修剪器,Z:\主线任务2-天眼计划\行业专题研究\行研报告\美容和个人护理-行业研究\美容和个人护理（已处理）\剃须和脱毛\剃须和脱毛竞品分析底表-市场大盘v1.xlsx
男士剃须/理容,Freebird,,美国,false,护肤与个护,剃须和脱毛产品,40538077.5,2975374.23,28875,5,56.35413891355606,男士电动剃须刀更换头 / 女式电动剃须刀 / 男子旋转剃须刀,Z:\主线任务2-天眼计划\行业专题研究\行研报告\美容和个人护理-行业研究\美容和个人护理（已处理）\美容工具和配件\美容工具和配件竞品分析底表-市场大盘v1.xlsx
身体/沐浴/除臭,Jergens,,美国,false,皮肤护理,身体护肤品,40228599.16,2829506.54,296935,28,10.73025947754127,身体乳液 / 身体自鞣剂 / 鞣革油和乳液,Z:\主线任务2-天眼计划\行业专题研究\行研报告\美容和个人护理-行业研究\美容和个人护理（已处理）\皮肤护理\皮肤护理竞品分析底表-市场大盘v1.xlsx
功效面部护肤,Moen,,美国,false,护肤与个护,浴室配件,40134457.26,1658927.91,48324,51,100.47,手持式淋浴喷头 / 固定淋浴喷头 / 浴巾条,Z:\主线任务2-天眼计划\行业专题研究\行研报告\家庭和厨房-行业研究\沐浴产品竞品分析底表-市场大盘v1.xlsx
洗护/头皮/防脱,Paul Mitchell,,美国,false,头发护理,发型产品,40078850.67,2378452.89,130471,32,25.13362676529616,发胶 / 洗发水 / 护发素,Z:\主线任务2-天眼计划\行业专题研究\行研报告\美容和个人护理-行业研究\美容和个人护理（已处理）\头发护理\头发护理竞品分析底表-市场大盘v1.xlsx
洗护/头皮/防脱,K18,,美国,false,头发护理,洗发水和护发素,39981716,4306191,116300,9,39.55779132881008,发胶 / 洗发水 / 头发护理油,Z:\主线任务2-天眼计划\行业专题研究\行研报告\美容和个人护理-行业研究\美容和个人护理（已处理）\头发护理\头发护理竞品分析底表-市场大盘v1.xlsx
造型工具/吹风,BIO IONIC,,美国,false,头发护理,造型工具和设备,39939189.769999996,3806194.4,20698,4,162.86663149809,卷发器 / 头发笔刷 / 电吹风,Z:\主线任务2-天眼计划\行业专题研究\行研报告\美容和个人护理-行业研究\美容和个人护理（已处理）\头发护理\头发护理竞品分析底表-市场大盘v1.xlsx
身体/沐浴/除臭,Dial,,美国,false,护肤与个护,皮肤护理产品,39623116.16,3236812.14,251242,16,15.66402932034233,沐浴露 / 手洗 / 足部和手部护理,Z:\主线任务2-天眼计划\行业专题研究\行研报告\健康与家庭-行业报告 V2.0\健康与家庭底表（已处理）\个人护理产品\个人护理产品竞品分析底表-市场大盘v1.xlsx
身体/沐浴/除臭,Dial,,美国,false,个人护理,皮肤护理产品,39623116.16,3236812.14,251242,16,15.66402932034233,沐浴露 / 手洗 / 足部和手部护理,Z:\主线任务2-天眼计划\行业专题研究\行研报告\美容和个人护理-行业研究\美容和个人护理（已处理）\个人护理\个人护理竞品分析底表-市场大盘v1.xlsx
功效面部护肤,Vtopmart,,中国,true,护肤与个护,浴室配件,39594365.99,3780766.9699999997,73657,9,30.37,化妆品展示柜 / 浴室水槽洗手盘 / 洗衣分拣机,Z:\主线任务2-天眼计划\行业专题研究\行研报告\家庭和厨房-行业研究\沐浴产品竞品分析底表-市场大盘v1.xlsx
功效面部护肤,Sun Bum,,美国,false,皮肤护理,阳光皮肤护理,39150554.75,5023325.95,371966,33,15.46698137374502,防晒霜 / 面部防晒霜 / 面部皮肤护理产品,Z:\主线任务2-天眼计划\行业专题研究\行研报告\美容和个人护理-行业研究\美容和个人护理（已处理）\皮肤护理\皮肤护理竞品分析底表-市场大盘v1.xlsx
功效面部护肤,RoC,,美国,false,护肤与个护,皮肤护理产品,39133212.08,3668563.28,168139,12,23.26814346672521,眼部护理霜 / 面部保湿霜 / 面部精华液,Z:\主线任务2-天眼计划\行业专题研究\行研报告\健康与家庭-行业报告 V2.0\健康与家庭底表（已处理）\个人护理产品\个人护理产品竞品分析底表-市场大盘v1.xlsx
功效面部护肤,RoC,,美国,false,个人护理,皮肤护理产品,39133212.08,3668563.28,168139,12,23.26814346672521,眼部护理霜 / 面部保湿霜 / 面部精华液,Z:\主线任务2-天眼计划\行业专题研究\行研报告\美容和个人护理-行业研究\美容和个人护理（已处理）\个人护理\个人护理竞品分析底表-市场大盘v1.xlsx
功效面部护肤,Dermalogica,,美国,false,个人护理,皮肤护理产品,38958621.5,3008546,43798,18,73.70294737059031,面部保湿霜 / 洗面奶 / 面部磨砂膏,Z:\主线任务2-天眼计划\行业专题研究\行研报告\美容和个人护理-行业研究\美容和个人护理（已处理）\个人护理\个人护理竞品分析底表-市场大盘v1.xlsx
口腔护理,Burt‘s Bees,,美国,false,护肤与个护,唇部护理产品,38946177.28,2365190.59,189393,14,11.82801584908337,润唇膏和润肤霜 / 护肤套装和工具包 / 牙膏,Z:\主线任务2-天眼计划\行业专题研究\行研报告\健康与家庭-行业报告 V2.0\健康与家庭底表（已处理）\个人护理产品\个人护理产品竞品分析底表-市场大盘v1.xlsx
男士剃须/理容,Dolce&Gabbana,,美国,false,香水,男士香水,38893917.65,1457644.36,19696,28,109.0376256408662,男士香水 / 男士淡香水 / 女式香水,Z:\主线任务2-天眼计划\行业专题研究\行研报告\美容和个人护理-行业研究\美容和个人护理（已处理）\香水\香水竞品分析底表-市场大盘v1.xlsx
男士剃须/理容,Kitsch,,美国,false,护肤与个护,剃须和脱毛产品,38854980.769999996,2719608.32,145527,12,10.20822714863599,沐浴丝瓜 / 其他 / 个人化妆镜,Z:\主线任务2-天眼计划\行业专题研究\行研报告\美容和个人护理-行业研究\美容和个人护理（已处理）\美容工具和配件\美容工具和配件竞品分析底表-市场大盘v1.xlsx
身体/沐浴/除臭,Method,,美国,false,护肤与个护,皮肤护理产品,38605177.89,2534019.76,204794,11,14.4252039715744,手洗 / 沐浴露 / 足部和手部护理,Z:\主线任务2-天眼计划\行业专题研究\行研报告\健康与家庭-行业报告 V2.0\健康与家庭底表（已处理）\个人护理产品\个人护理产品竞品分析底表-市场大盘v1.xlsx
身体/沐浴/除臭,Method,,美国,false,个人护理,皮肤护理产品,38605177.89,2534019.76,204794,11,14.4252039715744,手洗 / 沐浴露 / 足部和手部护理,Z:\主线任务2-天眼计划\行业专题研究\行研报告\美容和个人护理-行业研究\美容和个人护理（已处理）\个人护理\个人护理竞品分析底表-市场大盘v1.xlsx
功效面部护肤,Beauty of Joseon,,韩国,false,皮肤护理,面部皮肤护理产品,38503197.43,3533677.36,202244,18,18.87652558279967,面部精华液 / 面部保湿霜 / 洗面奶,Z:\主线任务2-天眼计划\行业专题研究\行研报告\美容和个人护理-行业研究\美容和个人护理（已处理）\皮肤护理\皮肤护理竞品分析底表-市场大盘v1.xlsx
功效面部护肤,DRMTLGY,,美国,false,个人护理,皮肤护理产品,38451248.2,2566780.8,83456,9,33.59954873240441,面部精华液 / 眼罩 / 面部微磨产品,Z:\主线任务2-天眼计划\行业专题研究\行研报告\美容和个人护理-行业研究\美容和个人护理（已处理）\个人护理\个人护理竞品分析底表-市场大盘v1.xlsx
洗护/头皮/防脱,Rogaine,,美国,false,头发护理,脱发产品,38327859.64,3134775.86,68179,7,49.07542677842363,头发再生治疗 / 二合一洗发水和护发素,Z:\主线任务2-天眼计划\行业专题研究\行研报告\美容和个人护理-行业研究\美容和个人护理（已处理）\头发护理\头发护理竞品分析底表-市场大盘v1.xlsx
口腔护理,Opalescence,,墨西哥,false,护肤与个护,口腔护理产品,38263582.09,3441495.72,78883,13,53.243906677879,牙齿美白凝胶 / 牙齿美白套装 / 牙膏,Z:\主线任务2-天眼计划\行业专题研究\行研报告\健康与家庭-行业报告 V2.0\健康与家庭底表（已处理）\个人护理产品\个人护理产品竞品分析底表-市场大盘v1.xlsx
口腔护理,Opalescence,,墨西哥,false,个人护理,口腔护理产品,38263582.09,3441495.72,78883,13,53.243906677879,牙齿美白凝胶 / 牙齿美白套装 / 牙膏,Z:\主线任务2-天眼计划\行业专题研究\行研报告\美容和个人护理-行业研究\美容和个人护理（已处理）\个人护理\个人护理竞品分析底表-市场大盘v1.xlsx
洗护/头皮/防脱,KÉRASTASE,,美国,false,头发护理,洗发水和护发素,38101902,3461480,70392,39,50.65746097045194,洗发水 / 头发护理面膜 / 护发素,Z:\主线任务2-天眼计划\行业专题研究\行研报告\美容和个人护理-行业研究\美容和个人护理（已处理）\头发护理\头发护理竞品分析底表-市场大盘v1.xlsx
男士剃须/理容,RASASI,,美国,false,香水,男士香水,37980339.27,836715.1,25583,22,33.26801433175999,男士香水 / 女式香水 / 女式淡香水,Z:\主线任务2-天眼计划\行业专题研究\行研报告\美容和个人护理-行业研究\美容和个人护理（已处理）\香水\香水竞品分析底表-市场大盘v1.xlsx
彩妆/卸妆,Urban Decay,,美国,false,护肤与个护,眼部化妆,37761925.3,2425177.92,61851,12,30.79158090342183,化妆调色板 / 基础底漆 / 眼影,Z:\主线任务2-天眼计划\行业专题研究\行研报告\美容和个人护理-行业研究\美容和个人护理（已处理）\化妆\化妆竞品分析底表-市场大盘v1.xlsx
男士剃须/理容,Armaf,,美国,false,香水,男士香水,37739991.82,2949498.43,92261,88,32.793589620056,男士香水 / 女式香水 / 男士淡香水,Z:\主线任务2-天眼计划\行业专题研究\行研报告\美容和个人护理-行业研究\美容和个人护理（已处理）\香水\香水竞品分析底表-市场大盘v1.xlsx
身体/沐浴/除臭,goPure,,美国,false,皮肤护理,面部皮肤护理产品,37200424.76,3843704.08,69092,7,62.61175132118911,眼部护理霜 / 身体霜 / 身体护肤品,Z:\主线任务2-天眼计划\行业专题研究\行研报告\美容和个人护理-行业研究\美容和个人护理（已处理）\皮肤护理\皮肤护理竞品分析底表-市场大盘v1.xlsx
功效面部护肤,Beauty of Joseon,,韩国,false,个人护理,皮肤护理产品,36957350.13,3422340.66,195341,15,18.96261668392766,面部保湿霜 / 面部精华液 / 洗面奶,Z:\主线任务2-天眼计划\行业专题研究\行研报告\美容和个人护理-行业研究\美容和个人护理（已处理）\个人护理\个人护理竞品分析底表-市场大盘v1.xlsx
美甲/手足护理,OPI,,美国,false,足部、手部和指甲护理,指甲油和装饰产品,36933981.09,3881163.9,271391,49,15.79500152441385,指甲油 / 凝胶指甲油 / 指甲加强剂,Z:\主线任务2-天眼计划\行业专题研究\行研报告\美容和个人护理-行业研究\美容和个人护理（已处理）\足部、手部和指甲护理\足部、手部和指甲护理竞品分析底表-市场大盘v1.xlsx
香水/香氛,Touchland,,美国,false,香水,女性香水,36897112,81832,3838,2,21.73545801153583,女性身体喷雾香水 / 洗手液,Z:\主线任务2-天眼计划\行业专题研究\行研报告\美容和个人护理-行业研究\美容和个人护理（已处理）\香水\香水竞品分析底表-市场大盘v1.xlsx
洗护/头皮/防脱,Nexxus,,美国,false,头发护理,洗发水和护发素,36826105.14,3647118.39,120613,22,42.59464651030976,洗发水和护发素套装 / 护发素 / 发胶,Z:\主线任务2-天眼计划\行业专题研究\行研报告\美容和个人护理-行业研究\美容和个人护理（已处理）\头发护理\头发护理竞品分析底表-市场大盘v1.xlsx
功效面部护肤,ELEMIS,,美国,false,皮肤护理,面部皮肤护理产品,36820996.34,2318967.96,36470,18,106.2388605136226,洗面奶 / 洁面啫喱 / 面部晚霜,Z:\主线任务2-天眼计划\行业专题研究\行研报告\美容和个人护理-行业研究\美容和个人护理（已处理）\皮肤护理\皮肤护理竞品分析底表-市场大盘v1.xlsx
彩妆/卸妆,Anastasia Beverly Hills,,美国,false,护肤与个护,眼部化妆,36772534.66,3014306.35,129664,40,23.98433385188972,眉毛颜色 / 眼影 / 眼部化妆,Z:\主线任务2-天眼计划\行业专题研究\行研报告\美容和个人护理-行业研究\美容和个人护理（已处理）\化妆\化妆竞品分析底表-市场大盘v1.xlsx
身体/沐浴/除臭,Saltair,,美国,false,皮肤护理,身体护肤品,36678878.27,2149496.26,92817,12,23.48653057316787,身体油 / 身体乳液 / 沐浴露,Z:\主线任务2-天眼计划\行业专题研究\行研报告\美容和个人护理-行业研究\美容和个人护理（已处理）\皮肤护理\皮肤护理竞品分析底表-市场大盘v1.xlsx
女性脱毛/IPL,Tweezerman,,美国,false,护肤与个护,皮肤护理工具,36609572.39,3221999.2,99950,21,20.27665440599196,脱毛镊子 / 睫毛卷曲器 / 眉毛修剪剪刀,Z:\主线任务2-天眼计划\行业专题研究\行研报告\美容和个人护理-行业研究\美容和个人护理（已处理）\美容工具和配件\美容工具和配件竞品分析底表-市场大盘v1.xlsx
身体/沐浴/除臭,goPure,,美国,false,护肤与个护,皮肤护理产品,36495281.09,3805433.65,68135,6,62.83925342214283,眼部护理霜 / 身体霜 / 身体护肤品,Z:\主线任务2-天眼计划\行业专题研究\行研报告\健康与家庭-行业报告 V2.0\健康与家庭底表（已处理）\个人护理产品\个人护理产品竞品分析底表-市场大盘v1.xlsx
身体/沐浴/除臭,goPure,,美国,false,个人护理,皮肤护理产品,36495281.09,3805433.65,68135,6,62.83925342214283,眼部护理霜 / 身体霜 / 身体护肤品,Z:\主线任务2-天眼计划\行业专题研究\行研报告\美容和个人护理-行业研究\美容和个人护理（已处理）\个人护理\个人护理竞品分析底表-市场大盘v1.xlsx
身体/沐浴/除臭,Eucerin,,美国,false,皮肤护理,身体护肤品,36451239.72,4080270.39,237182,32,21.74207040943186,身体乳液 / 身体霜 / 面部防晒霜,Z:\主线任务2-天眼计划\行业专题研究\行研报告\美容和个人护理-行业研究\美容和个人护理（已处理）\皮肤护理\皮肤护理竞品分析底表-市场大盘v1.xlsx
洗护/头皮/防脱,Head & Shoulders,,美国,false,头发护理,洗发水和护发素,36385711.26,3001719.06,179939,19,20.37457264771474,洗发水 / 二合一洗发水和护发素 / 洗发水和护发素套装,Z:\主线任务2-天眼计划\行业专题研究\行研报告\美容和个人护理-行业研究\美容和个人护理（已处理）\头发护理\头发护理竞品分析底表-市场大盘v1.xlsx
功效面部护肤,Kenra,,美国,false,头发护理,发型产品,36355191.47,2826729.26,109287,32,29.74340118211391,发胶 / 头发热防护喷雾 / 发型凝胶,Z:\主线任务2-天眼计划\行业专题研究\行研报告\美容和个人护理-行业研究\美容和个人护理（已处理）\头发护理\头发护理竞品分析底表-市场大盘v1.xlsx
口腔护理,DenTek,,美国,false,美妆个护综合,牙线和牙签,36221285.48,2085533.27,226073,36,12.7014314699952,牙间牙签 / 牙间刷牙 / 紧急牙科护理产品,Z:\主线任务2-天眼计划\行业专题研究\行研报告\健康与家庭-行业报告 V2.0\健康与家庭底表（已处理）\口腔护理产品\口腔护理产品竞品分析底表-市场大盘v1.xlsx
功效面部护肤,Dr.Melaxin,,韩国,false,护肤与个护,皮肤护理产品,36218055.440000005,5440358.97,274384,15,19.8321206443356,眼部护理霜 / 面部精华液 / 颈部和Décolleté保湿霜,Z:\主线任务2-天眼计划\行业专题研究\行研报告\健康与家庭-行业报告 V2.0\健康与家庭底表（已处理）\个人护理产品\个人护理产品竞品分析底表-市场大盘v1.xlsx
洗护/头皮/防脱,Davines,,美国,false,头发护理,洗发水和护发素,36121112,2452797,66734,36,40.11845864129808,洗发水 / 护发素 / 发胶,Z:\主线任务2-天眼计划\行业专题研究\行研报告\美容和个人护理-行业研究\美容和个人护理（已处理）\头发护理\头发护理竞品分析底表-市场大盘v1.xlsx
功效面部护肤,Dr.Melaxin,,韩国,false,个人护理,皮肤护理产品,36008202.34,5354069.52,274384,15,19.8321206443356,眼部护理霜 / 面部精华液 / 颈部和Décolleté保湿霜,Z:\主线任务2-天眼计划\行业专题研究\行研报告\美容和个人护理-行业研究\美容和个人护理（已处理）\个人护理\个人护理竞品分析底表-市场大盘v1.xlsx
身体/沐浴/除臭,AmazerBath,,中国,true,护肤与个护,浴室配件,35737540.26,2820232.22,164913,25,15.14,浴帘内衬 / 浴帘套装 / 厕所上方的储藏室,Z:\主线任务2-天眼计划\行业专题研究\行研报告\家庭和厨房-行业研究\沐浴产品竞品分析底表-市场大盘v1.xlsx
功效面部护肤,Supergoop!,,美国,false,皮肤护理,阳光皮肤护理,35724686,3189681,94440,19,35.81291702837996,面部防晒霜 / 防晒霜 / 面部皮肤护理产品,Z:\主线任务2-天眼计划\行业专题研究\行研报告\美容和个人护理-行业研究\美容和个人护理（已处理）\皮肤护理\皮肤护理竞品分析底表-市场大盘v1.xlsx
身体/沐浴/除臭,DOVE MEN + CARE,,美国,false,皮肤护理,身体护肤品,35668329.24,2409394.91,213781,24,12.30247552714387,沐浴露 / 沐浴皂 / 身体磨砂,Z:\主线任务2-天眼计划\行业专题研究\行研报告\美容和个人护理-行业研究\美容和个人护理（已处理）\皮肤护理\皮肤护理竞品分析底表-市场大盘v1.xlsx
男士剃须/理容,Schick,,美国,false,护肤与个护,剃须和脱毛产品,35473801.33,2864602.2199999997,80108,21,25.34958464249902,药筒 / 男士一次性剃须刀 / 男子子弹剃刀,Z:\主线任务2-天眼计划\行业专题研究\行研报告\美容和个人护理-行业研究\美容和个人护理（已处理）\美容工具和配件\美容工具和配件竞品分析底表-市场大盘v1.xlsx
口腔护理,Burt‘s Bees,,美国,false,个人护理,唇部护理产品,35405180.53,2132021.09,189393,14,11.82801584908337,润唇膏和润肤霜 / 护肤套装和工具包 / 牙膏,Z:\主线任务2-天眼计划\行业专题研究\行研报告\美容和个人护理-行业研究\美容和个人护理（已处理）\个人护理\个人护理竞品分析底表-市场大盘v1.xlsx
功效面部护肤,Supergoop!,,美国,false,护肤与个护,皮肤护理产品,35273072,3281239,84633,12,36.23076583912908,防晒霜 / 面部防晒霜 / 面部皮肤护理产品,Z:\主线任务2-天眼计划\行业专题研究\行研报告\健康与家庭-行业报告 V2.0\健康与家庭底表（已处理）\个人护理产品\个人护理产品竞品分析底表-市场大盘v1.xlsx
造型工具/吹风,Wet Brush,,美国,false,头发护理,造型工具和设备,35066424.36,1534605.8,163345,20,9.805893616849357,头发笔刷,Z:\主线任务2-天眼计划\行业专题研究\行研报告\美容和个人护理-行业研究\美容和个人护理（已处理）\头发护理\头发护理竞品分析底表-市场大盘v1.xlsx
男士剃须/理容,Wahl,,美国,false,剃须和脱毛,男士剃须和脱毛产品,34994306.42,2786034.5500000003,109012,31,53.24465862685871,胡须修剪器 / 鼻子和耳朵修剪器 / 男士箔片剃须刀,Z:\主线任务2-天眼计划\行业专题研究\行研报告\美容和个人护理-行业研究\美容和个人护理（已处理）\剃须和脱毛\剃须和脱毛竞品分析底表-市场大盘v1.xlsx
身体/沐浴/除臭,NIVEA,,美国,false,护肤与个护,皮肤护理产品,34935493.93,2376996.19,258159,24,10.49823028240082,身体乳液 / 身体霜 / 润唇膏和润肤霜,Z:\主线任务2-天眼计划\行业专题研究\行研报告\健康与家庭-行业报告 V2.0\健康与家庭底表（已处理）\个人护理产品\个人护理产品竞品分析底表-市场大盘v1.xlsx
彩妆/卸妆,Grande Cosmetics,,美国,false,护肤与个护,眼部化妆,34913248.25,2880660.75,81563,9,35.14844695187358,睫毛膏 / 眉毛颜色 / 唇彩,Z:\主线任务2-天眼计划\行业专题研究\行研报告\美容和个人护理-行业研究\美容和个人护理（已处理）\化妆\化妆竞品分析底表-市场大盘v1.xlsx
身体/沐浴/除臭,Eucerin,,美国,false,护肤与个护,皮肤护理产品,34885475.519999996,3919938.65,225643,27,21.87502585054567,身体乳液 / 面部晚霜 / 面部防晒霜,Z:\主线任务2-天眼计划\行业专题研究\行研报告\健康与家庭-行业报告 V2.0\健康与家庭底表（已处理）\个人护理产品\个人护理产品竞品分析底表-市场大盘v1.xlsx
洗护/头皮/防脱,MATRIX,,美国,false,头发护理,洗发水和护发素,34834136,2850554,88626,21,28.94216724866468,护发素 / 洗发水 / 发胶,Z:\主线任务2-天眼计划\行业专题研究\行研报告\美容和个人护理-行业研究\美容和个人护理（已处理）\头发护理\头发护理竞品分析底表-市场大盘v1.xlsx
身体/沐浴/除臭,Eucerin,,美国,false,个人护理,皮肤护理产品,34823344.11,3914387.39,225643,27,21.87502585054567,身体乳液 / 面部晚霜 / 面部防晒霜,Z:\主线任务2-天眼计划\行业专题研究\行研报告\美容和个人护理-行业研究\美容和个人护理（已处理）\个人护理\个人护理竞品分析底表-市场大盘v1.xlsx
身体/沐浴/除臭,Softsoap,,美国,false,护肤与个护,皮肤护理产品,34765229.05999999,1631901.67,179738,12,15.68137937581742,手洗 / 沐浴露 / 足部和手部护理,Z:\主线任务2-天眼计划\行业专题研究\行研报告\健康与家庭-行业报告 V2.0\健康与家庭底表（已处理）\个人护理产品\个人护理产品竞品分析底表-市场大盘v1.xlsx
身体/沐浴/除臭,Softsoap,,美国,false,个人护理,皮肤护理产品,34765229.05999999,1631901.67,179738,12,15.68137937581742,手洗 / 沐浴露 / 足部和手部护理,Z:\主线任务2-天眼计划\行业专题研究\行研报告\美容和个人护理-行业研究\美容和个人护理（已处理）\个人护理\个人护理竞品分析底表-市场大盘v1.xlsx
功效面部护肤,Sun Bum,,美国,false,护肤与个护,皮肤护理产品,34533477.23,4699315.87,345474,24,15.25094730567664,防晒霜 / 面部防晒霜 / 面部皮肤护理产品,Z:\主线任务2-天眼计划\行业专题研究\行研报告\健康与家庭-行业报告 V2.0\健康与家庭底表（已处理）\个人护理产品\个人护理产品竞品分析底表-市场大盘v1.xlsx
功效面部护肤,Sun Bum,,美国,false,个人护理,皮肤护理产品,34533477.23,4699315.87,345474,24,15.25094730567664,防晒霜 / 面部防晒霜 / 面部皮肤护理产品,Z:\主线任务2-天眼计划\行业专题研究\行研报告\美容和个人护理-行业研究\美容和个人护理（已处理）\个人护理\个人护理竞品分析底表-市场大盘v1.xlsx
洗护/头皮/防脱,Garnier,,美国,false,头发护理,发型产品,34420905.74,2304545.2,253160,39,12.20336819481779,护发素 / 洗发水 / 发胶,Z:\主线任务2-天眼计划\行业专题研究\行研报告\美容和个人护理-行业研究\美容和个人护理（已处理）\头发护理\头发护理竞品分析底表-市场大盘v1.xlsx
身体/沐浴/除臭,NIVEA,,美国,false,皮肤护理,身体护肤品,34408223.7,2307143.24,262323,27,10.5413135946427,身体乳液 / 身体霜 / 润唇膏和润肤霜,Z:\主线任务2-天眼计划\行业专题研究\行研报告\美容和个人护理-行业研究\美容和个人护理（已处理）\皮肤护理\皮肤护理竞品分析底表-市场大盘v1.xlsx
口腔护理,Reach,,美国,false,美妆个护综合,牙线和牙签,34101907.69,2516560.9,231773,47,18.29573950091968,牙线 / 手动牙刷 / 电动牙刷更换刷头,Z:\主线任务2-天眼计划\行业专题研究\行研报告\健康与家庭-行业报告 V2.0\健康与家庭底表（已处理）\口腔护理产品\口腔护理产品竞品分析底表-市场大盘v1.xlsx
男士剃须/理容,BaBylissPRO,,美国,false,护肤与个护,剃须和脱毛产品,33983788.68,2556719.41,9779,20,182.1668543383923,男士箔片剃须刀 / 胡须修剪器 / 剃须和脱毛产品,Z:\主线任务2-天眼计划\行业专题研究\行研报告\美容和个人护理-行业研究\美容和个人护理（已处理）\美容工具和配件\美容工具和配件竞品分析底表-市场大盘v1.xlsx
身体/沐浴/除臭,NIVEA,,美国,false,个人护理,皮肤护理产品,33974595.39,2285625.12,258159,24,10.49823028240082,身体乳液 / 身体霜 / 润唇膏和润肤霜,Z:\主线任务2-天眼计划\行业专题研究\行研报告\美容和个人护理-行业研究\美容和个人护理（已处理）\个人护理\个人护理竞品分析底表-市场大盘v1.xlsx
功效面部护肤,Kohler,,美国,false,护肤与个护,浴室配件,33881810.19,2407190.44,45378,41,178.47,卫生间座椅 / 固定淋浴喷头 / 药品柜,Z:\主线任务2-天眼计划\行业专题研究\行研报告\家庭和厨房-行业研究\沐浴产品竞品分析底表-市场大盘v1.xlsx
口腔护理,Cocolab,,美国,false,美妆个护综合,牙线和牙签,33764108.81,3114376.13,128098,14,27.0741999588534,牙线 / 手动牙刷 / 牙膏,Z:\主线任务2-天眼计划\行业专题研究\行研报告\健康与家庭-行业报告 V2.0\健康与家庭底表（已处理）\口腔护理产品\口腔护理产品竞品分析底表-市场大盘v1.xlsx
男士剃须/理容,Panasonic,,美国,false,个人护理,剃须和脱毛产品,33559688.49,2292128.87,26482,9,157.4789614648063,男士箔片剃须刀 / 女子箔片剃须刀 / 体毛美容师,Z:\主线任务2-天眼计划\行业专题研究\行研报告\美容和个人护理-行业研究\美容和个人护理（已处理）\个人护理\个人护理竞品分析底表-市场大盘v1.xlsx
功效面部护肤,Supergoop!,,美国,false,个人护理,皮肤护理产品,33483198,2948426,84633,12,36.23076583912908,防晒霜 / 面部防晒霜 / 面部皮肤护理产品,Z:\主线任务2-天眼计划\行业专题研究\行研报告\美容和个人护理-行业研究\美容和个人护理（已处理）\个人护理\个人护理竞品分析底表-市场大盘v1.xlsx
洗护/头皮/防脱,Viviscal,,美国,false,头发护理,脱发产品,33377589.45,2125731.4,47434,6,52.04054544464083,头发再生治疗 / 发型系列 / 护发素,Z:\主线任务2-天眼计划\行业专题研究\行研报告\美容和个人护理-行业研究\美容和个人护理（已处理）\头发护理\头发护理竞品分析底表-市场大盘v1.xlsx
香水/香氛,Victoria‘s Secret,,美国,false,香水,女性香水,33340070.85,1511538.31,46410,42,40.21938005454853,女性身体喷雾香水 / 女式香水 / 女式香水套装,Z:\主线任务2-天眼计划\行业专题研究\行研报告\美容和个人护理-行业研究\美容和个人护理（已处理）\香水\香水竞品分析底表-市场大盘v1.xlsx
身体/沐浴/除臭,Secret,,美国,false,护肤与个护,除臭剂和止汗剂,33325428.09,3293032.52,366761,25,12.33867103517095,止汗除臭剂 / 除臭剂,Z:\主线任务2-天眼计划\行业专题研究\行研报告\健康与家庭-行业报告 V2.0\健康与家庭底表（已处理）\个人护理产品\个人护理产品竞品分析底表-市场大盘v1.xlsx
身体/沐浴/除臭,Secret,,美国,false,个人护理,除臭剂和止汗剂,33325428.09,3293032.52,366761,25,12.33867103517095,止汗除臭剂 / 除臭剂,Z:\主线任务2-天眼计划\行业专题研究\行研报告\美容和个人护理-行业研究\美容和个人护理（已处理）\个人护理\个人护理竞品分析底表-市场大盘v1.xlsx
身体/沐浴/除臭,Gold Bond,,美国,false,皮肤护理,身体护肤品,33214203.07,2843193.69,251028,18,11.8849077958878,身体乳液 / 身体霜 / 护肤套装和工具包,Z:\主线任务2-天眼计划\行业专题研究\行研报告\美容和个人护理-行业研究\美容和个人护理（已处理）\皮肤护理\皮肤护理竞品分析底表-市场大盘v1.xlsx
美甲/手足护理,JODSONE,,中国,true,足部、手部和指甲护理,指甲油和装饰产品,33175904.21,2547809.35,227411,42,15.48151428029731,指甲油 / 凝胶指甲油 / 指甲油去除剂,Z:\主线任务2-天眼计划\行业专题研究\行研报告\美容和个人护理-行业研究\美容和个人护理（已处理）\足部、手部和指甲护理\足部、手部和指甲护理竞品分析底表-市场大盘v1.xlsx
功效面部护肤,BAGSMART,,中国,true,护肤与个护,化妆袋和化妆盒,33140432.88,2574871.67,156353,28,18.57242813825358,卫生间袋 / 化妆品袋 / 化妆品旅行箱,Z:\主线任务2-天眼计划\行业专题研究\行研报告\美容和个人护理-行业研究\美容和个人护理（已处理）\美容工具和配件\美容工具和配件竞品分析底表-市场大盘v1.xlsx
功效面部护肤,ELEMIS,,美国,false,护肤与个护,皮肤护理产品,33140323,2056523.98,30119,10,112.765051355054,洗面奶 / 面部保湿霜 / 洁面啫喱,Z:\主线任务2-天眼计划\行业专题研究\行研报告\健康与家庭-行业报告 V2.0\健康与家庭底表（已处理）\个人护理产品\个人护理产品竞品分析底表-市场大盘v1.xlsx
功效面部护肤,ELEMIS,,美国,false,个人护理,皮肤护理产品,33140323,2056523.98,30119,10,112.765051355054,洗面奶 / 面部保湿霜 / 洁面啫喱,Z:\主线任务2-天眼计划\行业专题研究\行研报告\美容和个人护理-行业研究\美容和个人护理（已处理）\个人护理\个人护理竞品分析底表-市场大盘v1.xlsx
彩妆/卸妆,STACY LASH,,中国,true,护肤与个护,卸妆液,33130315.73,2464892.4200000004,23455,4,122.5452376033119,睫毛增强剂和底漆 / 卸妆泡沫 / 眼影底霜和底霜,Z:\主线任务2-天眼计划\行业专题研究\行研报告\美容和个人护理-行业研究\美容和个人护理（已处理）\化妆\化妆竞品分析底表-市场大盘v1.xlsx
口腔护理,GUM,,美国,false,护肤与个护,口腔护理产品,33123064.32,1980370.99,150217,22,16.69757603331687,牙间牙签 / 牙间刷牙 / 牙线,Z:\主线任务2-天眼计划\行业专题研究\行研报告\健康与家庭-行业报告 V2.0\健康与家庭底表（已处理）\个人护理产品\个人护理产品竞品分析底表-市场大盘v1.xlsx
口腔护理,GUM,,美国,false,个人护理,口腔护理产品,33123064.32,1980370.99,150217,22,16.69757603331687,牙间牙签 / 牙间刷牙 / 牙线,Z:\主线任务2-天眼计划\行业专题研究\行研报告\美容和个人护理-行业研究\美容和个人护理（已处理）\个人护理\个人护理竞品分析底表-市场大盘v1.xlsx
功效面部护肤,Colorescience,,美国,false,护肤与个护,皮肤护理产品,32881438,2716585,45070,6,58.94329449010219,面部防晒霜 / 眼部护理霜,Z:\主线任务2-天眼计划\行业专题研究\行研报告\健康与家庭-行业报告 V2.0\健康与家庭底表（已处理）\个人护理产品\个人护理产品竞品分析底表-市场大盘v1.xlsx
功效面部护肤,EQQUALBERRY,,韩国,false,皮肤护理,面部皮肤护理产品,32573577.6,4240645.010000001,203699,8,20.89661608574494,面部精华液 / 面部保湿霜 / 面部爽肤水和收敛剂,Z:\主线任务2-天眼计划\行业专题研究\行研报告\美容和个人护理-行业研究\美容和个人护理（已处理）\皮肤护理\皮肤护理竞品分析底表-市场大盘v1.xlsx
彩妆/卸妆,Charlotte Tilbury,,美国,false,护肤与个护,面部化妆,32483152,3696455,63735,45,44.59566869294856,口红 / 眼影 / 面部腮红,Z:\主线任务2-天眼计划\行业专题研究\行研报告\美容和个人护理-行业研究\美容和个人护理（已处理）\化妆\化妆竞品分析底表-市场大盘v1.xlsx
洗护/头皮/防脱,BASED BODYWORKS,,美国,false,头发护理,发型产品,32274180.06,3750768.79,122273,13,39.76339134748427,护发素 / 发型凝胶 / 发型系列,Z:\主线任务2-天眼计划\行业专题研究\行研报告\美容和个人护理-行业研究\美容和个人护理（已处理）\头发护理\头发护理竞品分析底表-市场大盘v1.xlsx
造型工具/吹风,Remington,,美国,false,头发护理,造型工具和设备,32264869.46,2340129.19,68046,12,36.91671373121925,头发滚轮 / 直发熨斗 / 剪发器,Z:\主线任务2-天眼计划\行业专题研究\行研报告\美容和个人护理-行业研究\美容和个人护理（已处理）\头发护理\头发护理竞品分析底表-市场大盘v1.xlsx
功效面部护肤,Dr.Melaxin,,韩国,false,皮肤护理,眼部护理产品,32260228.44,5154060.07,266201,18,19.66196781565644,眼部护理霜 / 颈部和Décolleté保湿霜 / 面部精华液,Z:\主线任务2-天眼计划\行业专题研究\行研报告\美容和个人护理-行业研究\美容和个人护理（已处理）\皮肤护理\皮肤护理竞品分析底表-市场大盘v1.xlsx
彩妆/卸妆,Pawotence,,中国,true,护肤与个护,眼部化妆,32244854.72,1564414.96,50392,2,15.52945521717588,假睫毛,Z:\主线任务2-天眼计划\行业专题研究\行研报告\美容和个人护理-行业研究\美容和个人护理（已处理）\化妆\化妆竞品分析底表-市场大盘v1.xlsx
身体/沐浴/除臭,Old Spice,,美国,false,皮肤护理,身体护肤品,32138428.68,1712338.91,143538,22,17.68908861254575,沐浴露 / 沐浴皂 / 身体乳液,Z:\主线任务2-天眼计划\行业专题研究\行研报告\美容和个人护理-行业研究\美容和个人护理（已处理）\皮肤护理\皮肤护理竞品分析底表-市场大盘v1.xlsx
功效面部护肤,Colorescience,,美国,false,皮肤护理,阳光皮肤护理,32119494,2683841,45724,8,59.97572546212685,面部防晒霜 / 眼部护理霜 / 面部皮肤护理产品,Z:\主线任务2-天眼计划\行业专题研究\行研报告\美容和个人护理-行业研究\美容和个人护理（已处理）\皮肤护理\皮肤护理竞品分析底表-市场大盘v1.xlsx
身体/沐浴/除臭,Seven Minerals,,美国,false,皮肤护理,阳光皮肤护理,32058357,2982242.85,42747,3,95.35530707282943,晒后皮肤护理 / 身体油 / 面部护理油,Z:\主线任务2-天眼计划\行业专题研究\行研报告\美容和个人护理-行业研究\美容和个人护理（已处理）\皮肤护理\皮肤护理竞品分析底表-市场大盘v1.xlsx
美甲/手足护理,Glamnetic,,美国,false,足部、手部和指甲护理,指甲油和装饰产品,31833225.77,2709992.51,176939,21,16.4615215991501,按压假指甲 / 假指甲尖 / 假指甲和配件,Z:\主线任务2-天眼计划\行业专题研究\行研报告\美容和个人护理-行业研究\美容和个人护理（已处理）\足部、手部和指甲护理\足部、手部和指甲护理竞品分析底表-市场大盘v1.xlsx
功效面部护肤,d‘alba Piedmont,,韩国,false,皮肤护理,面部皮肤护理产品,31811337.1,2983756.22,146486,11,20.80869556206572,面部保湿霜 / 面部精华液 / 面部薄雾,Z:\主线任务2-天眼计划\行业专题研究\行研报告\美容和个人护理-行业研究\美容和个人护理（已处理）\皮肤护理\皮肤护理竞品分析底表-市场大盘v1.xlsx
男士剃须/理容,Skull Shaver,,美国,false,护肤与个护,剃须和脱毛产品,31698956.08,2223864.44,16432,10,94.21801077680063,男子旋转剃须刀 / 男士电动剃须刀更换头 / 女式电动剃须刀配件,Z:\主线任务2-天眼计划\行业专题研究\行研报告\美容和个人护理-行业研究\美容和个人护理（已处理）\美容工具和配件\美容工具和配件竞品分析底表-市场大盘v1.xlsx
洗护/头皮/防脱,Pantene,,美国,false,头发护理,洗发水和护发素,31692998.95,2971457.46,178866,21,19.65857478928876,洗发水 / 护发素 / 洗发水和护发素套装,Z:\主线任务2-天眼计划\行业专题研究\行研报告\美容和个人护理-行业研究\美容和个人护理（已处理）\头发护理\头发护理竞品分析底表-市场大盘v1.xlsx
男士剃须/理容,Wahl,,美国,false,个人护理,剃须和脱毛产品,31461764.59,2488940.92,99756,10,53.76803217024533,胡须修剪器 / 剃须和脱毛产品 / 剪发器,Z:\主线任务2-天眼计划\行业专题研究\行研报告\美容和个人护理-行业研究\美容和个人护理（已处理）\个人护理\个人护理竞品分析底表-市场大盘v1.xlsx
功效面部护肤,Colorescience,,美国,false,个人护理,皮肤护理产品,31435757,2627399,45070,6,58.94329449010219,面部防晒霜 / 眼部护理霜,Z:\主线任务2-天眼计划\行业专题研究\行研报告\美容和个人护理-行业研究\美容和个人护理（已处理）\个人护理\个人护理竞品分析底表-市场大盘v1.xlsx
功效面部护肤,Seven Minerals,,美国,false,护肤与个护,皮肤护理产品,31395585.2,2947312.85,41347,2,96.18971370056626,晒后皮肤护理 / 面部护理油,Z:\主线任务2-天眼计划\行业专题研究\行研报告\健康与家庭-行业报告 V2.0\健康与家庭底表（已处理）\个人护理产品\个人护理产品竞品分析底表-市场大盘v1.xlsx
功效面部护肤,Seven Minerals,,美国,false,个人护理,皮肤护理产品,31395585.2,2947312.85,41347,2,96.18971370056626,晒后皮肤护理 / 面部护理油,Z:\主线任务2-天眼计划\行业专题研究\行研报告\美容和个人护理-行业研究\美容和个人护理（已处理）\个人护理\个人护理竞品分析底表-市场大盘v1.xlsx
功效面部护肤,Proactiv,,美国,false,皮肤护理,面部皮肤护理产品,31353492.12,2057932.54,58213,15,40.68695858942004,面部皮肤护理套件 / 洗面奶 / 洁面啫喱,Z:\主线任务2-天眼计划\行业专题研究\行研报告\美容和个人护理-行业研究\美容和个人护理（已处理）\皮肤护理\皮肤护理竞品分析底表-市场大盘v1.xlsx
身体/沐浴/除臭,Gold Bond,,美国,false,护肤与个护,皮肤护理产品,31338189.82,2809906.57,250791,14,11.79399925688632,身体乳液 / 护肤套装和工具包 / 身体霜,Z:\主线任务2-天眼计划\行业专题研究\行研报告\健康与家庭-行业报告 V2.0\健康与家庭底表（已处理）\个人护理产品\个人护理产品竞品分析底表-市场大盘v1.xlsx
身体/沐浴/除臭,Gold Bond,,美国,false,个人护理,皮肤护理产品,31338189.82,2809906.57,250791,14,11.79399925688632,身体乳液 / 护肤套装和工具包 / 身体霜,Z:\主线任务2-天眼计划\行业专题研究\行研报告\美容和个人护理-行业研究\美容和个人护理（已处理）\个人护理\个人护理竞品分析底表-市场大盘v1.xlsx
洗护/头皮/防脱,Just for Men,,美国,false,头发护理,染发产品,31239699.34,2121591.38,186347,21,12.46595288334929,头发颜色（Hair Color） / 洗发水 / 头皮护理,Z:\主线任务2-天眼计划\行业专题研究\行研报告\美容和个人护理-行业研究\美容和个人护理（已处理）\头发护理\头发护理竞品分析底表-市场大盘v1.xlsx
身体/沐浴/除臭,Dr. Squatch,,美国,false,皮肤护理,身体护肤品,31215601.2,2323792.89,77292,12,38.33502200107858,沐浴皂 / 沐浴露 / 润唇膏和润肤霜,Z:\主线任务2-天眼计划\行业专题研究\行研报告\美容和个人护理-行业研究\美容和个人护理（已处理）\皮肤护理\皮肤护理竞品分析底表-市场大盘v1.xlsx
功效面部护肤,d‘alba Piedmont,,韩国,false,护肤与个护,皮肤护理产品,31007188.47,2875908.91,141394,8,20.77739900061717,面部保湿霜 / 面部薄雾 / 眼部护理霜,Z:\主线任务2-天眼计划\行业专题研究\行研报告\健康与家庭-行业报告 V2.0\健康与家庭底表（已处理）\个人护理产品\个人护理产品竞品分析底表-市场大盘v1.xlsx
功效面部护肤,d‘alba Piedmont,,韩国,false,个人护理,皮肤护理产品,31007188.47,2875908.91,141394,8,20.77739900061717,面部保湿霜 / 面部薄雾 / 眼部护理霜,Z:\主线任务2-天眼计划\行业专题研究\行研报告\美容和个人护理-行业研究\美容和个人护理（已处理）\个人护理\个人护理竞品分析底表-市场大盘v1.xlsx
身体/沐浴/除臭,Saltair,,美国,false,护肤与个护,皮肤护理产品,30960131.89,2464795.64,104997,11,23.73886470352569,身体油 / 身体乳液 / 沐浴露,Z:\主线任务2-天眼计划\行业专题研究\行研报告\健康与家庭-行业报告 V2.0\健康与家庭底表（已处理）\个人护理产品\个人护理产品竞品分析底表-市场大盘v1.xlsx
身体/沐浴/除臭,Saltair,,美国,false,个人护理,皮肤护理产品,30960131.89,2464795.64,104997,11,23.73886470352569,身体油 / 身体乳液 / 沐浴露,Z:\主线任务2-天眼计划\行业专题研究\行研报告\美容和个人护理-行业研究\美容和个人护理（已处理）\个人护理\个人护理竞品分析底表-市场大盘v1.xlsx
男士剃须/理容,Philips,,美国,false,剃须和脱毛,女性剃须和脱毛产品,30919759.26,2534288.68,34357,41,219.2410487658415,男士电动剃须刀更换头 / 男子旋转剃须刀 / 胡须修剪器,Z:\主线任务2-天眼计划\行业专题研究\行研报告\美容和个人护理-行业研究\美容和个人护理（已处理）\剃须和脱毛\剃须和脱毛竞品分析底表-市场大盘v1.xlsx
功效面部护肤,TIRTIR,,韩国,false,护肤与个护,面部化妆,30639727.37,1652560.9100000001,64319,11,17.44967356373173,基础组成 / 基础底漆 / 唇部色斑,Z:\主线任务2-天眼计划\行业专题研究\行研报告\美容和个人护理-行业研究\美容和个人护理（已处理）\化妆\化妆竞品分析底表-市场大盘v1.xlsx
男士剃须/理容,Schick Hydro Silk,,美国,false,护肤与个护,剃须和脱毛产品,30634636.02,1968299.65,115916,10,12.17094902477978,女式一次性剃须刀 / 女式刀片式剃须刀 / 药筒,Z:\主线任务2-天眼计划\行业专题研究\行研报告\美容和个人护理-行业研究\美容和个人护理（已处理）\美容工具和配件\美容工具和配件竞品分析底表-市场大盘v1.xlsx
功效面部护肤,Differin,,美国,false,皮肤护理,面部皮肤护理产品,30571321.66,2000227.54,122256,10,18.53687152392673,洗面奶 / 面膜 / 毛孔清洁条,Z:\主线任务2-天眼计划\行业专题研究\行研报告\美容和个人护理-行业研究\美容和个人护理（已处理）\皮肤护理\皮肤护理竞品分析底表-市场大盘v1.xlsx
功效面部护肤,PanOxyl,,美国,false,皮肤护理,面部皮肤护理产品,30483850.11,2999109.05,310099,14,10.54653714518984,洗面奶 / 毛孔清洁条 / 面部保湿霜,Z:\主线任务2-天眼计划\行业专题研究\行研报告\美容和个人护理-行业研究\美容和个人护理（已处理）\皮肤护理\皮肤护理竞品分析底表-市场大盘v1.xlsx
身体/沐浴/除臭,Palmer‘s,,美国,false,皮肤护理,身体护肤品,30439232.07,2609420.08,268480,31,11.62972030459734,身体乳液 / 身体油 / 孕妇皮肤护理,Z:\主线任务2-天眼计划\行业专题研究\行研报告\美容和个人护理-行业研究\美容和个人护理（已处理）\皮肤护理\皮肤护理竞品分析底表-市场大盘v1.xlsx
功效面部护肤,EQQUALBERRY,,韩国,false,护肤与个护,皮肤护理产品,30355827.03,4217976.350000001,202565,7,20.90148851036113,面部精华液 / 面部保湿霜 / 面部爽肤水和收敛剂,Z:\主线任务2-天眼计划\行业专题研究\行研报告\健康与家庭-行业报告 V2.0\健康与家庭底表（已处理）\个人护理产品\个人护理产品竞品分析底表-市场大盘v1.xlsx
功效面部护肤,EQQUALBERRY,,韩国,false,个人护理,皮肤护理产品,30355827.03,4217976.350000001,202565,7,20.90148851036113,面部精华液 / 面部保湿霜 / 面部爽肤水和收敛剂,Z:\主线任务2-天眼计划\行业专题研究\行研报告\美容和个人护理-行业研究\美容和个人护理（已处理）\个人护理\个人护理竞品分析底表-市场大盘v1.xlsx
洗护/头皮/防脱,Bumble and bumble.,,美国,false,头发护理,发型产品,30321352,2157830.4,61808,30,38.11651651584852,发型凝胶 / 护发素 / 发胶,Z:\主线任务2-天眼计划\行业专题研究\行研报告\美容和个人护理-行业研究\美容和个人护理（已处理）\头发护理\头发护理竞品分析底表-市场大盘v1.xlsx
身体/沐浴/除臭,Avène,,美国,false,皮肤护理,面部皮肤护理产品,30032439.03,2092931.43,63201,21,36.05042542081754,面部保湿霜 / 面部精华液 / 身体乳液,Z:\主线任务2-天眼计划\行业专题研究\行研报告\美容和个人护理-行业研究\美容和个人护理（已处理）\皮肤护理\皮肤护理竞品分析底表-市场大盘v1.xlsx
口腔护理,COSLUS,,中国,true,护肤与个护,口腔护理产品,29809621.38,2546023.06,105342,14,26.95322181919301,电动牙线 / 声波牙刷,Z:\主线任务2-天眼计划\行业专题研究\行研报告\健康与家庭-行业报告 V2.0\健康与家庭底表（已处理）\个人护理产品\个人护理产品竞品分析底表-市场大盘v1.xlsx
身体/沐浴/除臭,Vaseline,,美国,false,皮肤护理,身体护肤品,29700824.65,2559307.94,236173,34,13.3323514421637,润唇膏和润肤霜 / 身体乳液 / 身体油,Z:\主线任务2-天眼计划\行业专题研究\行研报告\美容和个人护理-行业研究\美容和个人护理（已处理）\皮肤护理\皮肤护理竞品分析底表-市场大盘v1.xlsx
功效面部护肤,Good Molecules,,美国,false,皮肤护理,面部皮肤护理产品,29420491.46,2977207.45,352706,32,9.999331680934763,面部精华液 / 面部保湿霜 / 面部护理油,Z:\主线任务2-天眼计划\行业专题研究\行研报告\美容和个人护理-行业研究\美容和个人护理（已处理）\皮肤护理\皮肤护理竞品分析底表-市场大盘v1.xlsx
功效面部护肤,TATCHA,,美国,false,护肤与个护,皮肤护理产品,29374844,2258875,36303,14,62.94443677555697,面部保湿霜 / 洗面奶 / 眼部护理霜,Z:\主线任务2-天眼计划\行业专题研究\行研报告\健康与家庭-行业报告 V2.0\健康与家庭底表（已处理）\个人护理产品\个人护理产品竞品分析底表-市场大盘v1.xlsx
身体/沐浴/除臭,Bioderma,,美国,false,护肤与个护,皮肤护理产品,29327320.14,2421570.3200000003,50864,5,26.12570820590496,沐浴露 / 洁面啫喱 / 洗面奶,Z:\主线任务2-天眼计划\行业专题研究\行研报告\健康与家庭-行业报告 V2.0\健康与家庭底表（已处理）\个人护理产品\个人护理产品竞品分析底表-市场大盘v1.xlsx
功效面部护肤,Proactiv,,美国,false,护肤与个护,皮肤护理产品,29129569.34,1908879.02,51382,10,42.05390215101217,面部皮肤护理套件 / 洗面奶 / 面部爽肤水和收敛剂,Z:\主线任务2-天眼计划\行业专题研究\行研报告\健康与家庭-行业报告 V2.0\健康与家庭底表（已处理）\个人护理产品\个人护理产品竞品分析底表-市场大盘v1.xlsx
功效面部护肤,Proactiv,,美国,false,个人护理,皮肤护理产品,29129569.34,1908879.02,51382,10,42.05390215101217,面部皮肤护理套件 / 洗面奶 / 面部爽肤水和收敛剂,Z:\主线任务2-天眼计划\行业专题研究\行研报告\美容和个人护理-行业研究\美容和个人护理（已处理）\个人护理\个人护理竞品分析底表-市场大盘v1.xlsx
身体/沐浴/除臭,Jergens,,美国,false,护肤与个护,皮肤护理产品,29114502.79,2463594.32,253675,17,10.60288115033485,身体乳液 / 身体自鞣剂 / 鞣革油和乳液,Z:\主线任务2-天眼计划\行业专题研究\行研报告\健康与家庭-行业报告 V2.0\健康与家庭底表（已处理）\个人护理产品\个人护理产品竞品分析底表-市场大盘v1.xlsx
身体/沐浴/除臭,Jergens,,美国,false,个人护理,皮肤护理产品,29114502.79,2463594.32,253675,17,10.60288115033485,身体乳液 / 身体自鞣剂 / 鞣革油和乳液,Z:\主线任务2-天眼计划\行业专题研究\行研报告\美容和个人护理-行业研究\美容和个人护理（已处理）\个人护理\个人护理竞品分析底表-市场大盘v1.xlsx
功效面部护肤,Differin,,美国,false,护肤与个护,皮肤护理产品,29052393.08,1874828.2,109510,6,18.91122185883485,洗面奶 / 面膜 / --,Z:\主线任务2-天眼计划\行业专题研究\行研报告\健康与家庭-行业报告 V2.0\健康与家庭底表（已处理）\个人护理产品\个人护理产品竞品分析底表-市场大盘v1.xlsx
功效面部护肤,Differin,,美国,false,个人护理,皮肤护理产品,29052393.08,1874828.2,109510,6,18.91122185883485,洗面奶 / 面膜 / 其他,Z:\主线任务2-天眼计划\行业专题研究\行研报告\美容和个人护理-行业研究\美容和个人护理（已处理）\个人护理\个人护理竞品分析底表-市场大盘v1.xlsx
造型工具/吹风,HOT TOOLS,,美国,false,头发护理,造型工具和设备,28928564.07,1861544.11,31339,12,61.65711997579257,卷发器 / 卷发棒 / 热风毛刷,Z:\主线任务2-天眼计划\行业专题研究\行研报告\美容和个人护理-行业研究\美容和个人护理（已处理）\头发护理\头发护理竞品分析底表-市场大盘v1.xlsx
美甲/手足护理,GAOY,,中国,true,足部、手部和指甲护理,指甲油和装饰产品,28814967.13,2354978.43,258730,84,11.85096060735469,指甲油 / 凝胶指甲油 / 假指甲胶,Z:\主线任务2-天眼计划\行业专题研究\行研报告\美容和个人护理-行业研究\美容和个人护理（已处理）\足部、手部和指甲护理\足部、手部和指甲护理竞品分析底表-市场大盘v1.xlsx
男士剃须/理容,Harry‘s,,美国,false,个人护理,剃须和脱毛产品,28673749.37,2375274.04,127237,10,20.53325943923506,男子子弹剃刀 / 沐浴露 / 洗面奶,Z:\主线任务2-天眼计划\行业专题研究\行研报告\美容和个人护理-行业研究\美容和个人护理（已处理）\个人护理\个人护理竞品分析底表-市场大盘v1.xlsx
功效面部护肤,TATCHA,,美国,false,皮肤护理,面部皮肤护理产品,28453395,2226912,39220,18,63.45233040191979,面部保湿霜 / 洗面奶 / 眼部护理霜,Z:\主线任务2-天眼计划\行业专题研究\行研报告\美容和个人护理-行业研究\美容和个人护理（已处理）\皮肤护理\皮肤护理竞品分析底表-市场大盘v1.xlsx
洗护/头皮/防脱,PURA D‘OR,,美国,false,头发护理,发型产品,28302712.57,3187816.68,132377,16,27.14352042012655,发型油 / 洗发水和护发素套装 / 三合一洗发水、护发素和沐浴露,Z:\主线任务2-天眼计划\行业专题研究\行研报告\美容和个人护理-行业研究\美容和个人护理（已处理）\头发护理\头发护理竞品分析底表-市场大盘v1.xlsx
美容工具/仪器,MR.SIGA,,中国,true,护肤与个护,家用清洁工具,28262804.17,2250467.43,118657,10,21.32,马桶刷和马桶架 / 马桶柱塞和支架 / 可重复使用的清洁布,Z:\主线任务2-天眼计划\行业专题研究\行研报告\家庭和厨房-行业研究\沐浴产品竞品分析底表-市场大盘v1.xlsx
功效面部护肤,PanOxyl,,美国,false,护肤与个护,皮肤护理产品,28068622.29,2816046.21,294786,9,10.35072563638791,洗面奶 / 毛孔清洁条 / 面部保湿霜,Z:\主线任务2-天眼计划\行业专题研究\行研报告\健康与家庭-行业报告 V2.0\健康与家庭底表（已处理）\个人护理产品\个人护理产品竞品分析底表-市场大盘v1.xlsx
功效面部护肤,PanOxyl,,美国,false,个人护理,皮肤护理产品,28068622.29,2816046.21,294786,9,10.35072563638791,洗面奶 / 毛孔清洁条 / 面部保湿霜,Z:\主线任务2-天眼计划\行业专题研究\行研报告\美容和个人护理-行业研究\美容和个人护理（已处理）\个人护理\个人护理竞品分析底表-市场大盘v1.xlsx
功效面部护肤,OLANLY,,中国,true,护肤与个护,浴室地垫,28021273.38,1841939.19,151607,17,18.28,浴室地垫 / 马桶盖和水箱盖 / 浴帘套装,Z:\主线任务2-天眼计划\行业专题研究\行研报告\家庭和厨房-行业研究\沐浴产品竞品分析底表-市场大盘v1.xlsx
口腔护理,Davids,,美国,false,美妆个护综合,牙膏,27595950.1,2807716.24,176433,8,22.58002809585914,牙膏 / 漱口水 / 手动牙刷,Z:\主线任务2-天眼计划\行业专题研究\行研报告\健康与家庭-行业报告 V2.0\健康与家庭底表（已处理）\口腔护理产品\口腔护理产品竞品分析底表-市场大盘v1.xlsx
洗护/头皮/防脱,Marc Anthony,,美国,false,头发护理,洗发水和护发素,27583780.03,1962609.89,197859,16,10.89324590843675,发型膏和乳液 / 护发素 / 发胶,Z:\主线任务2-天眼计划\行业专题研究\行研报告\美容和个人护理-行业研究\美容和个人护理（已处理）\头发护理\头发护理竞品分析底表-市场大盘v1.xlsx
身体/沐浴/除臭,Palmer‘s,,美国,false,护肤与个护,皮肤护理产品,27507462.34,2415087.34,240923,23,11.72396066835579,身体乳液 / 身体油 / 孕妇皮肤护理,Z:\主线任务2-天眼计划\行业专题研究\行研报告\健康与家庭-行业报告 V2.0\健康与家庭底表（已处理）\个人护理产品\个人护理产品竞品分析底表-市场大盘v1.xlsx
男士剃须/理容,Billie,,美国,false,护肤与个护,剃须和脱毛产品,27437012.23,2600274.42,137533,10,10.46373661694753,女式刀片式剃须刀 / 女式剃须啫喱 / 女式一次性剃须刀,Z:\主线任务2-天眼计划\行业专题研究\行研报告\美容和个人护理-行业研究\美容和个人护理（已处理）\美容工具和配件\美容工具和配件竞品分析底表-市场大盘v1.xlsx
美甲/手足护理,BTArtbox,,中国,true,足部、手部和指甲护理,指甲油和装饰产品,27424310.5,2414521.95,142039,17,17.48307753669417,按压假指甲 / 假指甲尖 / 假指甲胶,Z:\主线任务2-天眼计划\行业专题研究\行研报告\美容和个人护理-行业研究\美容和个人护理（已处理）\足部、手部和指甲护理\足部、手部和指甲护理竞品分析底表-市场大盘v1.xlsx
功效面部护肤,Avène,,美国,false,护肤与个护,皮肤护理产品,27291106.93,1919305.63,57522,15,36.04361336812853,面部保湿霜 / 防晒霜 / 面部精华液,Z:\主线任务2-天眼计划\行业专题研究\行研报告\健康与家庭-行业报告 V2.0\健康与家庭底表（已处理）\个人护理产品\个人护理产品竞品分析底表-市场大盘v1.xlsx
身体/沐浴/除臭,Palmer‘s,,美国,false,个人护理,皮肤护理产品,27195539.87,2354288.56,240923,23,11.72396066835579,身体乳液 / 身体油 / 孕妇皮肤护理,Z:\主线任务2-天眼计划\行业专题研究\行研报告\美容和个人护理-行业研究\美容和个人护理（已处理）\个人护理\个人护理竞品分析底表-市场大盘v1.xlsx
功效面部护肤,AquaBliss,,美国,false,护肤与个护,浴室配件,27165551.33,2063111.5,70950,8,32.16,喷淋头过滤器 / 浴缸水龙头和淋浴头,Z:\主线任务2-天眼计划\行业专题研究\行研报告\家庭和厨房-行业研究\沐浴产品竞品分析底表-市场大盘v1.xlsx
功效面部护肤,Milani,,美国,false,护肤与个护,面部化妆,27165456.290000003,1962564.98,134878,28,11.21740134807087,基础底漆 / 面部腮红 / 眉毛颜色,Z:\主线任务2-天眼计划\行业专题研究\行研报告\美容和个人护理-行业研究\美容和个人护理（已处理）\化妆\化妆竞品分析底表-市场大盘v1.xlsx
功效面部护肤,Avène,,美国,false,个人护理,皮肤护理产品,27129538.93,1909753.63,57522,15,36.04361336812853,面部保湿霜 / 防晒霜 / 面部精华液,Z:\主线任务2-天眼计划\行业专题研究\行研报告\美容和个人护理-行业研究\美容和个人护理（已处理）\个人护理\个人护理竞品分析底表-市场大盘v1.xlsx
口腔护理,COSLUS,,中国,true,个人护理,口腔护理产品,26998651.34,2418217.39,105342,14,26.95322181919301,电动牙线 / 声波牙刷,Z:\主线任务2-天眼计划\行业专题研究\行研报告\美容和个人护理-行业研究\美容和个人护理（已处理）\个人护理\个人护理竞品分析底表-市场大盘v1.xlsx
功效面部护肤,Kenra Professional,,美国,false,头发护理,发型产品,26989106,2472773,109761,8,22.69397918854662,发型鼠标 / 发胶 / 发型系列,Z:\主线任务2-天眼计划\行业专题研究\行研报告\美容和个人护理-行业研究\美容和个人护理（已处理）\头发护理\头发护理竞品分析底表-市场大盘v1.xlsx
功效面部护肤,Chakir Turkish Linens,,美国,false,护肤与个护,浴室毛巾,26982676.939999998,1851802.11,18099,1,39.99,浴巾,Z:\主线任务2-天眼计划\行业专题研究\行研报告\健康与家庭-行业报告 V2.0\健康与家庭底表（已处理）\个人护理产品\个人护理产品竞品分析底表-市场大盘v1.xlsx
身体/沐浴/除臭,Degree,,美国,false,护肤与个护,除臭剂和止汗剂,26982073.74,2405357.32,248223,12,11.79255738985175,止汗除臭剂 / 除臭剂 / 止汗药,Z:\主线任务2-天眼计划\行业专题研究\行研报告\健康与家庭-行业报告 V2.0\健康与家庭底表（已处理）\个人护理产品\个人护理产品竞品分析底表-市场大盘v1.xlsx
身体/沐浴/除臭,Degree,,美国,false,个人护理,除臭剂和止汗剂,26982073.74,2405357.32,248223,12,11.79255738985175,止汗除臭剂 / 除臭剂 / 止汗药,Z:\主线任务2-天眼计划\行业专题研究\行研报告\美容和个人护理-行业研究\美容和个人护理（已处理）\个人护理\个人护理竞品分析底表-市场大盘v1.xlsx
功效面部护肤,TATCHA,,美国,false,个人护理,皮肤护理产品,26961994,2108085,36303,14,62.94443677555697,面部保湿霜 / 洗面奶 / 眼部护理霜,Z:\主线任务2-天眼计划\行业专题研究\行研报告\美容和个人护理-行业研究\美容和个人护理（已处理）\个人护理\个人护理竞品分析底表-市场大盘v1.xlsx
口腔护理,UEOFEN,,中国,true,护肤与个护,口腔护理产品,26937058.62,961086.52,26946,2,36.75423244017615,义齿浴,Z:\主线任务2-天眼计划\行业专题研究\行研报告\健康与家庭-行业报告 V2.0\健康与家庭底表（已处理）\个人护理产品\个人护理产品竞品分析底表-市场大盘v1.xlsx
口腔护理,UEOFEN,,中国,true,个人护理,口腔护理产品,26937058.62,961086.52,26946,2,36.75423244017615,义齿浴,Z:\主线任务2-天眼计划\行业专题研究\行研报告\美容和个人护理-行业研究\美容和个人护理（已处理）\个人护理\个人护理竞品分析底表-市场大盘v1.xlsx
功效面部护肤,Tens Towels,,美国,false,护肤与个护,浴室毛巾,26903813.79,2158684.6500000004,66050,8,33.22,浴巾 / 浴巾套装 / 浴巾床单,Z:\主线任务2-天眼计划\行业专题研究\行研报告\家庭和厨房-行业研究\沐浴产品竞品分析底表-市场大盘v1.xlsx
彩妆/卸妆,L’Oreal Paris,,美国,false,护肤与个护,眼部化妆,26897751.150000002,1805781.75,160181,30,10.75592582150527,睫毛膏 / 眼线笔 / 口红,Z:\主线任务2-天眼计划\行业专题研究\行研报告\美容和个人护理-行业研究\美容和个人护理（已处理）\化妆\化妆竞品分析底表-市场大盘v1.xlsx
口腔护理,Davids,,美国,false,护肤与个护,口腔护理产品,26802969.96,2726135.05,168255,4,22.92054071844314,牙膏 / 漱口水,Z:\主线任务2-天眼计划\行业专题研究\行研报告\健康与家庭-行业报告 V2.0\健康与家庭底表（已处理）\个人护理产品\个人护理产品竞品分析底表-市场大盘v1.xlsx
口腔护理,Davids,,美国,false,个人护理,口腔护理产品,26802969.96,2726135.05,168255,4,22.92054071844314,牙膏 / 漱口水,Z:\主线任务2-天眼计划\行业专题研究\行研报告\美容和个人护理-行业研究\美容和个人护理（已处理）\个人护理\个人护理竞品分析底表-市场大盘v1.xlsx
洗护/头皮/防脱,LIVING PROOF,,美国,false,头发护理,洗发水和护发素,26724504.1,2029537.2,38372,12,38.68284984209932,干洗发水 / 发胶 / 头发捕捉器,Z:\主线任务2-天眼计划\行业专题研究\行研报告\美容和个人护理-行业研究\美容和个人护理（已处理）\头发护理\头发护理竞品分析底表-市场大盘v1.xlsx
彩妆/卸妆,PRIME PROMETICS,,拉托维亚,false,护肤与个护,眼部化妆,26605301,2808309,82085,14,32.76288610158541,面部荧光笔和发光器 / 眼影 / CC面霜,Z:\主线任务2-天眼计划\行业专题研究\行研报告\美容和个人护理-行业研究\美容和个人护理（已处理）\化妆\化妆竞品分析底表-市场大盘v1.xlsx
美甲/手足护理,UNA GELLA,,中国,true,足部、手部和指甲护理,指甲油和装饰产品,26500441.36,2417907.59,239160,29,11.14630350711625,假指甲尖 / 假指甲胶 / 按压假指甲,Z:\主线任务2-天眼计划\行业专题研究\行研报告\美容和个人护理-行业研究\美容和个人护理（已处理）\足部、手部和指甲护理\足部、手部和指甲护理竞品分析底表-市场大盘v1.xlsx
功效面部护肤,Dr Dennis Gross,,美国,false,护肤与个护,皮肤护理产品,26363719.4,2139341.2,10367,2,155,面部皮,Z:\主线任务2-天眼计划\行业专题研究\行研报告\健康与家庭-行业报告 V2.0\健康与家庭底表（已处理）\个人护理产品\个人护理产品竞品分析底表-市场大盘v1.xlsx
身体/沐浴/除臭,Veken,,美国,false,护肤与个护,浴室配件,26354038.04,1737653.54,59744,7,44.25,手持式淋浴喷头 / 浴室托盘、支架和组织者 / 淋浴头身体喷雾,Z:\主线任务2-天眼计划\行业专题研究\行研报告\家庭和厨房-行业研究\沐浴产品竞品分析底表-市场大盘v1.xlsx
美容工具/仪器,Good Molecules,,美国,false,护肤与个护,皮肤护理产品,26245959.37,2595189.87,314601,20,9.343377273548004,面部精华液 / 面部保湿霜 / 护肤套装和工具包,Z:\主线任务2-天眼计划\行业专题研究\行研报告\健康与家庭-行业报告 V2.0\健康与家庭底表（已处理）\个人护理产品\个人护理产品竞品分析底表-市场大盘v1.xlsx
美容工具/仪器,Good Molecules,,美国,false,个人护理,皮肤护理产品,26245959.37,2595189.87,314601,20,9.343377273548004,面部精华液 / 面部保湿霜 / 护肤套装和工具包,Z:\主线任务2-天眼计划\行业专题研究\行研报告\美容和个人护理-行业研究\美容和个人护理（已处理）\个人护理\个人护理竞品分析底表-市场大盘v1.xlsx
功效面部护肤,O’Keeffe‘s,,美国,false,足部、手部和指甲护理,足部和手部护理,26223446.74,463088.59,35064,9,14.27900630266014,护手霜和乳液 / 足部霜和乳液,Z:\主线任务2-天眼计划\行业专题研究\行研报告\美容和个人护理-行业研究\美容和个人护理（已处理）\足部、手部和指甲护理\足部、手部和指甲护理竞品分析底表-市场大盘v1.xlsx
美甲/手足护理,modelones,,中国,true,护肤与个护,足部、手部和指甲护理产品,26114466.119999997,1737861.68,206200,45,8.569094853227712,礼品套装 / 指甲油面漆 / 指甲油,Z:\主线任务2-天眼计划\行业专题研究\行研报告\美容和个人护理-行业研究\美容和个人护理（已处理）\礼品套装\礼品套装竞品分析底表-市场大盘v1.xlsx
男士剃须/理容,Flamingo,,美国,false,护肤与个护,剃须和脱毛产品,26085753.07,2348600.85,73747,16,18.17639737045951,女式刀片式剃须刀 / 药筒 / 女式一次性剃须刀,Z:\主线任务2-天眼计划\行业专题研究\行研报告\美容和个人护理-行业研究\美容和个人护理（已处理）\美容工具和配件\美容工具和配件竞品分析底表-市场大盘v1.xlsx
身体/沐浴/除臭,Beauty by Earth,,美国,false,护肤与个护,皮肤护理产品,25985017,3082968.06,94871,10,32.76456131703933,身体自鞣剂 / 面部自我晒黑 / 浴弹,Z:\主线任务2-天眼计划\行业专题研究\行研报告\健康与家庭-行业报告 V2.0\健康与家庭底表（已处理）\个人护理产品\个人护理产品竞品分析底表-市场大盘v1.xlsx
美容工具/仪器,Dr.Althea,,韩国,false,护肤与个护,皮肤护理产品,25929117.990000002,2782623.79,117377,7,23.848679532746,面部保湿霜 / 护肤套装和工具包 / 眼部治疗系列,Z:\主线任务2-天眼计划\行业专题研究\行研报告\健康与家庭-行业报告 V2.0\健康与家庭底表（已处理）\个人护理产品\个人护理产品竞品分析底表-市场大盘v1.xlsx
功效面部护肤,Peter Thomas Roth,,美国,false,护肤与个护,皮肤护理产品,25857653,1463170,30694,10,47.32336424696517,眼部皱纹垫和贴片 / 洁面啫喱 / 眼罩,Z:\主线任务2-天眼计划\行业专题研究\行研报告\健康与家庭-行业报告 V2.0\健康与家庭底表（已处理）\个人护理产品\个人护理产品竞品分析底表-市场大盘v1.xlsx
男士剃须/理容,The Beard Club,,美国,false,护肤与个护,剃须和脱毛产品,25785083.93,1761379.1099999999,44156,10,41.58840019669618,轴承调节器和油 / 微磨皮装置 / 体毛美容师,Z:\主线任务2-天眼计划\行业专题研究\行研报告\美容和个人护理-行业研究\美容和个人护理（已处理）\美容工具和配件\美容工具和配件竞品分析底表-市场大盘v1.xlsx
彩妆/卸妆,wet n wild,,美国,false,护肤与个护,眼部化妆,25655211.07,1603903.06,423162,52,4.898804210160157,眉毛颜色 / 眼线笔 / 眼影,Z:\主线任务2-天眼计划\行业专题研究\行研报告\美容和个人护理-行业研究\美容和个人护理（已处理）\化妆\化妆竞品分析底表-市场大盘v1.xlsx
男士剃须/理容,Ulike,,中国,true,剃须和脱毛,女性剃须和脱毛产品,25574160,2503337,7334,6,345.566591713381,轻型脱毛设备,Z:\主线任务2-天眼计划\行业专题研究\行研报告\美容和个人护理-行业研究\美容和个人护理（已处理）\剃须和脱毛\剃须和脱毛竞品分析底表-市场大盘v1.xlsx
功效面部护肤,First Aid Beauty,,美国,false,护肤与个护,皮肤护理产品,25502110.4,1209454,36749,9,33.15622058703338,面部皮 / 面部保湿霜 / 棉垫和圆形,Z:\主线任务2-天眼计划\行业专题研究\行研报告\健康与家庭-行业报告 V2.0\健康与家庭底表（已处理）\个人护理产品\个人护理产品竞品分析底表-市场大盘v1.xlsx
功效面部护肤,Peter Thomas Roth,,美国,false,皮肤护理,眼部护理产品,25484733.5,1569543,34819,16,47.41547762628995,面膜 / 眼部皱纹垫和贴片 / 眼部护理霜,Z:\主线任务2-天眼计划\行业专题研究\行研报告\美容和个人护理-行业研究\美容和个人护理（已处理）\皮肤护理\皮肤护理竞品分析底表-市场大盘v1.xlsx
男士剃须/理容,Dior,,美国,false,香水,男士香水,25328495.11,1807568.1,19185,56,128.0754626020453,女式淡香水 / 男士香水 / 女式香水,Z:\主线任务2-天眼计划\行业专题研究\行研报告\美容和个人护理-行业研究\美容和个人护理（已处理）\香水\香水竞品分析底表-市场大盘v1.xlsx
男士剃须/理容,Tress Wellness,,瑞典,false,护肤与个护,剃须和脱毛产品,25148066.22,2068578.98,26333,6,56.59816361013502,发蜡加热器和配件 / 头发打蜡套件 / 脱毛蜡,Z:\主线任务2-天眼计划\行业专题研究\行研报告\美容和个人护理-行业研究\美容和个人护理（已处理）\美容工具和配件\美容工具和配件竞品分析底表-市场大盘v1.xlsx
男士剃须/理容,Ulike,,中国,true,个人护理,剃须和脱毛产品,25107155,2459993,7168,4,347.0450480956653,轻型脱毛设备,Z:\主线任务2-天眼计划\行业专题研究\行研报告\美容和个人护理-行业研究\美容和个人护理（已处理）\个人护理\个人护理竞品分析底表-市场大盘v1.xlsx
美容工具/仪器,Dr.Althea,,韩国,false,皮肤护理,面部皮肤护理产品,25018905.88,2768241.04,119968,9,23.85501226713986,面部保湿霜 / 面部薄雾 / 护肤套装和工具包,Z:\主线任务2-天眼计划\行业专题研究\行研报告\美容和个人护理-行业研究\美容和个人护理（已处理）\皮肤护理\皮肤护理竞品分析底表-市场大盘v1.xlsx
功效面部护肤,m3naturals,,美国,false,美妆个护综合,义齿护理,24988787.04,1842276.26,80380,1,22.81,义齿清洁剂,Z:\主线任务2-天眼计划\行业专题研究\行研报告\健康与家庭-行业报告 V2.0\健康与家庭底表（已处理）\口腔护理产品\口腔护理产品竞品分析底表-市场大盘v1.xlsx
身体/沐浴/除臭,Beauty by Earth,,美国,false,个人护理,皮肤护理产品,24865561.04,3006030.82,94871,10,32.76456131703933,身体自鞣剂 / 面部自我晒黑 / 浴弹,Z:\主线任务2-天眼计划\行业专题研究\行研报告\美容和个人护理-行业研究\美容和个人护理（已处理）\个人护理\个人护理竞品分析底表-市场大盘v1.xlsx
美容工具/仪器,Dr.Althea,,韩国,false,个人护理,皮肤护理产品,24791561.28,2707853.14,117377,7,23.848679532746,面部保湿霜 / 护肤套装和工具包 / 眼部治疗系列,Z:\主线任务2-天眼计划\行业专题研究\行研报告\美容和个人护理-行业研究\美容和个人护理（已处理）\个人护理\个人护理竞品分析底表-市场大盘v1.xlsx
身体/沐浴/除臭,Summer Fridays,,美国,false,护肤与个护,唇部护理产品,24728923.2,3127031.2,104332,10,27.46190815810025,润唇膏和润肤霜 / 面部皮肤护理套件 / 眼罩,Z:\主线任务2-天眼计划\行业专题研究\行研报告\健康与家庭-行业报告 V2.0\健康与家庭底表（已处理）\个人护理产品\个人护理产品竞品分析底表-市场大盘v1.xlsx
洗护/头皮/防脱,R+Co,,美国,false,头发护理,洗发水和护发素,24632582.86,1576251.15,45239,25,39.28102410513706,洗发水 / 护发素 / 发胶,Z:\主线任务2-天眼计划\行业专题研究\行研报告\美容和个人护理-行业研究\美容和个人护理（已处理）\头发护理\头发护理竞品分析底表-市场大盘v1.xlsx
功效面部护肤,Dr Dennis Gross,,美国,false,皮肤护理,面部皮肤护理产品,24500427.57,1891060.46,16758,12,140.9194072389415,面部皮 / 面部精华液 / 洁面啫喱,Z:\主线任务2-天眼计划\行业专题研究\行研报告\美容和个人护理-行业研究\美容和个人护理（已处理）\皮肤护理\皮肤护理竞品分析底表-市场大盘v1.xlsx
身体/沐浴/除臭,Summer Fridays,,美国,false,皮肤护理,唇部护理产品,24461625.2,3348945.2,107413,14,34.20474480143778,润唇膏和润肤霜 / 面部皮肤护理套件 / 孕妇皮肤护理,Z:\主线任务2-天眼计划\行业专题研究\行研报告\美容和个人护理-行业研究\美容和个人护理（已处理）\皮肤护理\皮肤护理竞品分析底表-市场大盘v1.xlsx
男士剃须/理容,RALPH LAUREN FRAGRANCES,,美国,false,香水,男士香水,24336189.05,1897641.05,20470,28,99.53190121361466,男士香水 / 男士淡香水 / 男子科隆,Z:\主线任务2-天眼计划\行业专题研究\行研报告\美容和个人护理-行业研究\美容和个人护理（已处理）\香水\香水竞品分析底表-市场大盘v1.xlsx
男士剃须/理容,Valentino,,美国,false,香水,男士香水,24312337.94,1815486.67,20953,33,100.4891894563456,女式香水 / 男士淡香水 / 男士香水,Z:\主线任务2-天眼计划\行业专题研究\行研报告\美容和个人护理-行业研究\美容和个人护理（已处理）\香水\香水竞品分析底表-市场大盘v1.xlsx
身体/沐浴/除臭,NIVEA MEN,,美国,false,护肤与个护,皮肤护理产品,24190451.189999998,1730870.02,93192,11,14.67282186024492,沐浴露 / 身体乳液 / 洗面奶,Z:\主线任务2-天眼计划\行业专题研究\行研报告\健康与家庭-行业报告 V2.0\健康与家庭底表（已处理）\个人护理产品\个人护理产品竞品分析底表-市场大盘v1.xlsx
身体/沐浴/除臭,Dr Teal‘s,,美国,false,护肤与个护,浴缸和浴室配件,24187177,1970561.35,205709,17,12.49627892879356,浴盐 / 泡泡浴 / 沐浴露,Z:\主线任务2-天眼计划\行业专题研究\行研报告\健康与家庭-行业报告 V2.0\健康与家庭底表（已处理）\个人护理产品\个人护理产品竞品分析底表-市场大盘v1.xlsx
身体/沐浴/除臭,Dr Teal‘s,,美国,false,个人护理,浴缸和浴室配件,24187177,1970561.35,205709,17,12.49627892879356,浴盐 / 泡泡浴 / 沐浴露,Z:\主线任务2-天眼计划\行业专题研究\行研报告\美容和个人护理-行业研究\美容和个人护理（已处理）\个人护理\个人护理竞品分析底表-市场大盘v1.xlsx
功效面部护肤,TREKTOTE,,美国,false,护肤与个护,化妆袋和化妆盒,24154278.64,1570220.32,12068,6,297.950661717841,卫生间套件 / 卫生间袋,Z:\主线任务2-天眼计划\行业专题研究\行研报告\美容和个人护理-行业研究\美容和个人护理（已处理）\美容工具和配件\美容工具和配件竞品分析底表-市场大盘v1.xlsx
口腔护理,Cocolab,,美国,false,护肤与个护,口腔护理产品,24150523.79,3095147.54,119604,4,28.63475461612405,牙线 / 牙膏,Z:\主线任务2-天眼计划\行业专题研究\行研报告\健康与家庭-行业报告 V2.0\健康与家庭底表（已处理）\个人护理产品\个人护理产品竞品分析底表-市场大盘v1.xlsx
口腔护理,Cocolab,,美国,false,个人护理,口腔护理产品,24150523.79,3095147.54,119604,4,28.63475461612405,牙线 / 牙膏,Z:\主线任务2-天眼计划\行业专题研究\行研报告\美容和个人护理-行业研究\美容和个人护理（已处理）\个人护理\个人护理竞品分析底表-市场大盘v1.xlsx
彩妆/卸妆,Thrive Causemetics,,美国,false,护肤与个护,眼部化妆,24010031.18,1318187.97,36505,15,41.70884732160011,化妆套装 / 眉毛颜色 / 睫毛膏,Z:\主线任务2-天眼计划\行业专题研究\行研报告\美容和个人护理-行业研究\美容和个人护理（已处理）\化妆\化妆竞品分析底表-市场大盘v1.xlsx
洗护/头皮/防脱,Joico,,美国,false,头发护理,洗发水和护发素,23891783.07,1629434.54,58759,30,30.92859566214916,洗发水 / 洗发水和护发素套装 / 发胶,Z:\主线任务2-天眼计划\行业专题研究\行研报告\美容和个人护理-行业研究\美容和个人护理（已处理）\头发护理\头发护理竞品分析底表-市场大盘v1.xlsx
男士剃须/理容,Harry’s,,美国,false,护肤与个护,剃须和脱毛产品,23774304.42,1947282,58389,7,19.92847963475072,男子子弹剃刀 / 剃须后润肤霜 / 止汗除臭剂,Z:\主线任务2-天眼计划\行业专题研究\行研报告\健康与家庭-行业报告 V2.0\健康与家庭底表（已处理）\个人护理产品\个人护理产品竞品分析底表-市场大盘v1.xlsx
功效面部护肤,KERACOLOR,,美国,false,头发护理,染发产品,23729376,1420694,70541,3,20.37455440791613,颜色调节器,Z:\主线任务2-天眼计划\行业专题研究\行研报告\美容和个人护理-行业研究\美容和个人护理（已处理）\头发护理\头发护理竞品分析底表-市场大盘v1.xlsx
男士剃须/理容,Remington,,美国,false,护肤与个护,剃须和脱毛产品,23721598.72,1977336.4900000002,34732,20,41.34686277258741,男士电动剃须刀更换头 / 男子旋转剃须刀 / 胡须修剪器,Z:\主线任务2-天眼计划\行业专题研究\行研报告\美容和个人护理-行业研究\美容和个人护理（已处理）\美容工具和配件\美容工具和配件竞品分析底表-市场大盘v1.xlsx
功效面部护肤,Peter Thomas Roth,,美国,false,个人护理,皮肤护理产品,23666502,1384179,30694,10,47.32336424696517,眼部皱纹垫和贴片 / 洁面啫喱 / 眼罩,Z:\主线任务2-天眼计划\行业专题研究\行研报告\美容和个人护理-行业研究\美容和个人护理（已处理）\个人护理\个人护理竞品分析底表-市场大盘v1.xlsx
功效面部护肤,SexyHair,,美国,false,头发护理,发型产品,23564498.71,1792718.27,84635,19,21.37737917609329,发胶 / 发型凝胶 / 发型鼠标,Z:\主线任务2-天眼计划\行业专题研究\行研报告\美容和个人护理-行业研究\美容和个人护理（已处理）\头发护理\头发护理竞品分析底表-市场大盘v1.xlsx
彩妆/卸妆,Goddvenus,,中国,true,护肤与个护,眼部化妆,23539237.52,2799109.0300000003,105541,6,13.74964906035533,假睫毛,Z:\主线任务2-天眼计划\行业专题研究\行研报告\美容和个人护理-行业研究\美容和个人护理（已处理）\化妆\化妆竞品分析底表-市场大盘v1.xlsx
男士剃须/理容,ZORAMI,,中国,true,护肤与个护,剃须和脱毛产品,23534140.759999998,1680811.94,84964,5,11.09395931611277,鼻子和耳朵修剪器,Z:\主线任务2-天眼计划\行业专题研究\行研报告\健康与家庭-行业报告 V2.0\健康与家庭底表（已处理）\个人护理产品\个人护理产品竞品分析底表-市场大盘v1.xlsx
功效面部护肤,Erborian,,美国,false,护肤与个护,面部化妆,23513882,1686141,24290,5,37.79804244814005,CC面霜 / BB面霜 / 化妆清洁油,Z:\主线任务2-天眼计划\行业专题研究\行研报告\美容和个人护理-行业研究\美容和个人护理（已处理）\化妆\化妆竞品分析底表-市场大盘v1.xlsx
洗护/头皮/防脱,Shea Moisture,,美国,false,头发护理,洗发水和护发素,23326635.28,2028576.39,154761,24,15.66142181488172,护发素 / 洗发水和护发素套装 / 洗发水,Z:\主线任务2-天眼计划\行业专题研究\行研报告\美容和个人护理-行业研究\美容和个人护理（已处理）\头发护理\头发护理竞品分析底表-市场大盘v1.xlsx
美甲/手足护理,Makartt,,加拿大,false,足部、手部和指甲护理,指甲油和装饰产品,23244875.94,1977065.78,188180,57,21.02494579811098,丙烯酸指甲工具 / 假指甲胶 / 指甲艺术胶,Z:\主线任务2-天眼计划\行业专题研究\行研报告\美容和个人护理-行业研究\美容和个人护理（已处理）\足部、手部和指甲护理\足部、手部和指甲护理竞品分析底表-市场大盘v1.xlsx
口腔护理,M3 Naturals,,美国,false,护肤与个护,口腔护理产品,23075958.14,1719092,87384,2,19.69270973886214,义齿清洁剂 / 足部和手部护理磨砂膏,Z:\主线任务2-天眼计划\行业专题研究\行研报告\健康与家庭-行业报告 V2.0\健康与家庭底表（已处理）\个人护理产品\个人护理产品竞品分析底表-市场大盘v1.xlsx
口腔护理,M3 Naturals,,美国,false,个人护理,口腔护理产品,23075958.14,1719092,87384,2,19.69270973886214,义齿清洁剂 / 足部和手部护理磨砂膏,Z:\主线任务2-天眼计划\行业专题研究\行研报告\美容和个人护理-行业研究\美容和个人护理（已处理）\个人护理\个人护理竞品分析底表-市场大盘v1.xlsx
男士剃须/理容,Afnan,,美国,false,香水,男士香水,23013618.17,1958281.24,49889,21,39.75811675752967,男士香水 / 女式香水 / 女式香水套装,Z:\主线任务2-天眼计划\行业专题研究\行研报告\美容和个人护理-行业研究\美容和个人护理（已处理）\香水\香水竞品分析底表-市场大盘v1.xlsx
洗护/头皮/防脱,OGX,,美国,false,头发护理,洗发水和护发素,23003481.14,1668484.29,220190,30,10.50627791377047,洗发水 / 洗发水和护发素套装 / 头发护理油,Z:\主线任务2-天眼计划\行业专题研究\行研报告\美容和个人护理-行业研究\美容和个人护理（已处理）\头发护理\头发护理竞品分析底表-市场大盘v1.xlsx
功效面部护肤,Barossa Design,,中国,true,护肤与个护,浴室配件,22951533.54,1536481.47,150967,7,10.42,浴帘内衬 / 淋浴窗帘,Z:\主线任务2-天眼计划\行业专题研究\行研报告\家庭和厨房-行业研究\沐浴产品竞品分析底表-市场大盘v1.xlsx
男士剃须/理容,Dossier,,美国,false,香水,女性香水,22946076.35,1912503.6,46217,38,43.9590366611711,女式香水 / 男士香水 / 女式香水套装,Z:\主线任务2-天眼计划\行业专题研究\行研报告\美容和个人护理-行业研究\美容和个人护理（已处理）\香水\香水竞品分析底表-市场大盘v1.xlsx
彩妆/卸妆,Kiko Milano,,美国,false,护肤与个护,唇部彩妆,22925120.8,768429.4,54877,30,14.45604069807845,唇彩 / 口红 / 眼影,Z:\主线任务2-天眼计划\行业专题研究\行研报告\美容和个人护理-行业研究\美容和个人护理（已处理）\化妆\化妆竞品分析底表-市场大盘v1.xlsx
男士剃须/理容,Gucci,,美国,false,香水,女性香水,22920643.37,1772699.44,27451,57,79.2975603444654,女式香水 / 男士淡香水 / 男士香水套装,Z:\主线任务2-天眼计划\行业专题研究\行研报告\美容和个人护理-行业研究\美容和个人护理（已处理）\香水\香水竞品分析底表-市场大盘v1.xlsx
身体/沐浴/除臭,Amazon Basics,,美国,false,皮肤护理,身体护肤品,22871539.74,2130399.5,426917,19,5.613067743021908,洗面奶 / 手洗 / 沐浴露,Z:\主线任务2-天眼计划\行业专题研究\行研报告\美容和个人护理-行业研究\美容和个人护理（已处理）\皮肤护理\皮肤护理竞品分析底表-市场大盘v1.xlsx
洗护/头皮/防脱,AMERICAN CREW,,美国,false,头发护理,发型产品,22847313.27,1613898.54,97431,25,17.82735908280826,发型凝胶 / 发胶 / 洗发水,Z:\主线任务2-天眼计划\行业专题研究\行研报告\美容和个人护理-行业研究\美容和个人护理（已处理）\头发护理\头发护理竞品分析底表-市场大盘v1.xlsx
彩妆/卸妆,Saie,,美国,false,护肤与个护,面部化妆,22821289,1822633,35836,14,30.92080979006536,扑面粉 / 面部荧光笔和发光器 / 睫毛膏,Z:\主线任务2-天眼计划\行业专题研究\行研报告\美容和个人护理-行业研究\美容和个人护理（已处理）\化妆\化妆竞品分析底表-市场大盘v1.xlsx
身体/沐浴/除臭,RENPHO,,美国,false,护肤与个护,浴室配件,22687662.95,2699881.2800000003,54785,8,105.93,数字浴室秤 / 身体脂肪监测器,Z:\主线任务2-天眼计划\行业专题研究\行研报告\家庭和厨房-行业研究\沐浴产品竞品分析底表-市场大盘v1.xlsx
身体/沐浴/除臭,Beauty by Earth,,美国,false,皮肤护理,阳光皮肤护理,22686697.34,2895313.97,88793,10,33.34356309768366,身体自鞣剂 / 面部自我晒黑,Z:\主线任务2-天眼计划\行业专题研究\行研报告\美容和个人护理-行业研究\美容和个人护理（已处理）\皮肤护理\皮肤护理竞品分析底表-市场大盘v1.xlsx
功效面部护肤,White Classic,,美国,false,护肤与个护,浴室毛巾,22646809.16,1701644.53,46662,10,34.16,浴巾套装 / 浴巾 / 沙滩毛巾,Z:\主线任务2-天眼计划\行业专题研究\行研报告\家庭和厨房-行业研究\沐浴产品竞品分析底表-市场大盘v1.xlsx
功效面部护肤,MISSHA,,美国,false,护肤与个护,面部化妆,22616336.61,2060482.7599999998,70070,8,15.97079470906356,BB面霜 / 基础底漆 / 基础组成,Z:\主线任务2-天眼计划\行业专题研究\行研报告\美容和个人护理-行业研究\美容和个人护理（已处理）\化妆\化妆竞品分析底表-市场大盘v1.xlsx
洗护/头皮/防脱,Tea Tree,,美国,false,头发护理,洗发水和护发素,22601922,1403707,61318,12,27.83982697243798,洗发水 / 护发素 / 发型凝胶,Z:\主线任务2-天眼计划\行业专题研究\行研报告\美容和个人护理-行业研究\美容和个人护理（已处理）\头发护理\头发护理竞品分析底表-市场大盘v1.xlsx
男士剃须/理容,Carolina Herrera,,美国,false,香水,女性香水,22576928.79,1694985.2,17512,69,105.0082174866187,女式香水 / 男士淡香水 / 男士香水套装,Z:\主线任务2-天眼计划\行业专题研究\行研报告\美容和个人护理-行业研究\美容和个人护理（已处理）\香水\香水竞品分析底表-市场大盘v1.xlsx
造型工具/吹风,Ufree,,中国,true,头发护理,理发工具,22515829.82,1719269.8,52334,10,36.48802207064883,剪发器 / 卷发棒 / 剪发刀和剪发刀,Z:\主线任务2-天眼计划\行业专题研究\行研报告\美容和个人护理-行业研究\美容和个人护理（已处理）\头发护理\头发护理竞品分析底表-市场大盘v1.xlsx
彩妆/卸妆,Julep,,美国,false,护肤与个护,眼部化妆,22469929.05,1646083.12,104823,7,15.40163534446691,眼影 / 唇部衬垫 / 眉毛颜色,Z:\主线任务2-天眼计划\行业专题研究\行研报告\美容和个人护理-行业研究\美容和个人护理（已处理）\化妆\化妆竞品分析底表-市场大盘v1.xlsx
男士剃须/理容,Azzaro,,美国,false,香水,男士香水,22378832.28,1014452.89,10389,21,107.8588719833999,男士香水套装 / 男士香水 / 男士淡香水,Z:\主线任务2-天眼计划\行业专题研究\行研报告\美容和个人护理-行业研究\美容和个人护理（已处理）\香水\香水竞品分析底表-市场大盘v1.xlsx
功效面部护肤,GOO GOO,,新加坡,false,头发护理,头发延伸、假发和配件,22323994.48,2450854.44,44471,12,68.36757248798502,头发延伸部分 / 假发和假发粘合剂 / 梳子,Z:\主线任务2-天眼计划\行业专题研究\行研报告\美容和个人护理-行业研究\美容和个人护理（已处理）\头发护理\头发护理竞品分析底表-市场大盘v1.xlsx
男士剃须/理容,Harry‘s,,美国,false,剃须和脱毛,男士剃须和脱毛产品,22292560.22,1538781.53,74990,10,22.30100314506634,男子子弹剃刀 / 药筒 / 男士一次性剃须刀,Z:\主线任务2-天眼计划\行业专题研究\行研报告\美容和个人护理-行业研究\美容和个人护理（已处理）\剃须和脱毛\剃须和脱毛竞品分析底表-市场大盘v1.xlsx
造型工具/吹风,ELLA BELLA,,英国,false,头发护理,造型工具和设备,22271739.16,1580039.62,14344,10,126.8088228834414,电吹风 / 直发熨斗 / 热风毛刷,Z:\主线任务2-天眼计划\行业专题研究\行研报告\美容和个人护理-行业研究\美容和个人护理（已处理）\头发护理\头发护理竞品分析底表-市场大盘v1.xlsx
功效面部护肤,Mayfair,,美国,false,护肤与个护,浴室配件,22247506.7,1870316.09,49369,15,38.6,卫生间座椅,Z:\主线任务2-天眼计划\行业专题研究\行研报告\家庭和厨房-行业研究\沐浴产品竞品分析底表-市场大盘v1.xlsx
功效面部护肤,First Aid Beauty,,美国,false,皮肤护理,面部皮肤护理产品,22202747.2,1308082.2,41903,14,33.28145405541028,面部保湿霜 / 面部皮 / 洗面奶,Z:\主线任务2-天眼计划\行业专题研究\行研报告\美容和个人护理-行业研究\美容和个人护理（已处理）\皮肤护理\皮肤护理竞品分析底表-市场大盘v1.xlsx
功效面部护肤,DELTA,,美国,false,护肤与个护,浴室配件,22202411.75,2176540.88,31207,49,130.43,手持式淋浴喷头 / 浴巾条 / 卫生纸架,Z:\主线任务2-天眼计划\行业专题研究\行研报告\家庭和厨房-行业研究\沐浴产品竞品分析底表-市场大盘v1.xlsx
彩妆/卸妆,Boldify,,美国,false,头发护理,染发产品,22201420.85,1907471.35,97993,3,19.72929810059795,发胶 / 毛发构建纤维 / 睫毛膏和根部润发,Z:\主线任务2-天眼计划\行业专题研究\行研报告\美容和个人护理-行业研究\美容和个人护理（已处理）\头发护理\头发护理竞品分析底表-市场大盘v1.xlsx
身体/沐浴/除臭,Jack Black,,美国,false,护肤与个护,皮肤护理产品,22009752,1475079,41935,10,30.29761287170285,沐浴皂 / 洗面奶 / 润唇膏和润肤霜,Z:\主线任务2-天眼计划\行业专题研究\行研报告\健康与家庭-行业报告 V2.0\健康与家庭底表（已处理）\个人护理产品\个人护理产品竞品分析底表-市场大盘v1.xlsx
功效面部护肤,Revision Skincare,,美国,false,护肤与个护,皮肤护理产品,21987868.5,1532654.5,17748,8,87.41250519388755,面部精华液 / 面部着色保湿霜 / 洗面奶,Z:\主线任务2-天眼计划\行业专题研究\行研报告\健康与家庭-行业报告 V2.0\健康与家庭底表（已处理）\个人护理产品\个人护理产品竞品分析底表-市场大盘v1.xlsx
洗护/头皮/防脱,TRESemmé,,美国,false,头发护理,发型产品,21977222.79,2112781.47,202686,32,14.3908558134505,发胶 / 洗发水和护发素套装 / 护发素,Z:\主线任务2-天眼计划\行业专题研究\行研报告\美容和个人护理-行业研究\美容和个人护理（已处理）\头发护理\头发护理竞品分析底表-市场大盘v1.xlsx
彩妆/卸妆,Garnier,,美国,false,护肤与个护,卸妆液,21833352.330000002,1991428.0999999999,151649,7,8.853069892663637,化妆清洁水 / BB面霜 / 洗面奶,Z:\主线任务2-天眼计划\行业专题研究\行研报告\美容和个人护理-行业研究\美容和个人护理（已处理）\化妆\化妆竞品分析底表-市场大盘v1.xlsx
彩妆/卸妆,Too Faced,,美国,false,护肤与个护,眼部化妆,21711783,1579808.2,48464,24,31.61217594250971,睫毛膏 / 眼影 / 面部喷枪,Z:\主线任务2-天眼计划\行业专题研究\行研报告\美容和个人护理-行业研究\美容和个人护理（已处理）\化妆\化妆竞品分析底表-市场大盘v1.xlsx
男士剃须/理容,BIC,,美国,false,护肤与个护,剃须和脱毛产品,21674351.08,1980824.65,129887,19,11.17278129683599,女式一次性剃须刀 / 男士一次性剃须刀 / 男子子弹剃刀,Z:\主线任务2-天眼计划\行业专题研究\行研报告\美容和个人护理-行业研究\美容和个人护理（已处理）\美容工具和配件\美容工具和配件竞品分析底表-市场大盘v1.xlsx
功效面部护肤,No7,,美国,false,皮肤护理,面部皮肤护理产品,21604730.43,1582544.11,67421,20,30.17486079961461,面部保湿霜 / 面部精华液 / 面部晚霜,Z:\主线任务2-天眼计划\行业专题研究\行研报告\美容和个人护理-行业研究\美容和个人护理（已处理）\皮肤护理\皮肤护理竞品分析底表-市场大盘v1.xlsx
男士剃须/理容,OLOV,,美国,false,护肤与个护,剃须和脱毛产品,21430632.62,1259648.68,24806,1,25.39,个人美容师,Z:\主线任务2-天眼计划\行业专题研究\行研报告\健康与家庭-行业报告 V2.0\健康与家庭底表（已处理）\个人护理产品\个人护理产品竞品分析底表-市场大盘v1.xlsx
身体/沐浴/除臭,Summer Fridays,,美国,false,个人护理,唇部护理产品,21233841.2,2774533.2,104332,10,27.46190815810025,润唇膏和润肤霜 / 面部皮肤护理套件 / 眼罩,Z:\主线任务2-天眼计划\行业专题研究\行研报告\美容和个人护理-行业研究\美容和个人护理（已处理）\个人护理\个人护理竞品分析底表-市场大盘v1.xlsx
彩妆/卸妆,essence,,美国,false,护肤与个护,眼部化妆,21228564.67,1749739.6300000001,335953,32,5.168292028778163,睫毛膏 / 眼线笔 / 唇彩,Z:\主线任务2-天眼计划\行业专题研究\行研报告\美容和个人护理-行业研究\美容和个人护理（已处理）\化妆\化妆竞品分析底表-市场大盘v1.xlsx
功效面部护肤,No7,,美国,false,护肤与个护,皮肤护理产品,21218773.72,1684592.91,57160,14,30.31086879445055,面部保湿霜 / 面部精华液 / 面部晚霜,Z:\主线任务2-天眼计划\行业专题研究\行研报告\健康与家庭-行业报告 V2.0\健康与家庭底表（已处理）\个人护理产品\个人护理产品竞品分析底表-市场大盘v1.xlsx
男士剃须/理容,Tree Hut,,美国,false,护肤与个护,皮肤护理产品,21202505.94,2715207,278578,8,9.112078342296154,身体磨砂 / 手洗 / 女性剃须膏、乳液和凝胶,Z:\主线任务2-天眼计划\行业专题研究\行研报告\健康与家庭-行业报告 V2.0\健康与家庭底表（已处理）\个人护理产品\个人护理产品竞品分析底表-市场大盘v1.xlsx
功效面部护肤,O‘Keeffe‘s,,美国,false,足部、手部和指甲护理,足部和手部护理,21064255.07,833922.78,52407,7,21.7213413493753,护手霜和乳液 / 足部霜和乳液,Z:\主线任务2-天眼计划\行业专题研究\行研报告\美容和个人护理-行业研究\美容和个人护理（已处理）\足部、手部和指甲护理\足部、手部和指甲护理竞品分析底表-市场大盘v1.xlsx
男士剃须/理容,Schick,,美国,false,剃须和脱毛,男士剃须和脱毛产品,21051495.89,1702469.78,90363,53,24.66048994643535,药筒 / 男士一次性剃须刀 / 男子子弹剃刀,Z:\主线任务2-天眼计划\行业专题研究\行研报告\美容和个人护理-行业研究\美容和个人护理（已处理）\剃须和脱毛\剃须和脱毛竞品分析底表-市场大盘v1.xlsx
身体/沐浴/除臭,Vaseline,,美国,false,护肤与个护,皮肤护理产品,21039283.2,1920617.36,163419,14,13.94813372279422,身体油 / 润唇膏和润肤霜 / 身体霜,Z:\主线任务2-天眼计划\行业专题研究\行研报告\健康与家庭-行业报告 V2.0\健康与家庭底表（已处理）\个人护理产品\个人护理产品竞品分析底表-市场大盘v1.xlsx
身体/沐浴/除臭,Vaseline,,美国,false,个人护理,皮肤护理产品,21039283.2,1920617.36,163419,14,13.94813372279422,身体油 / 润唇膏和润肤霜 / 身体霜,Z:\主线任务2-天眼计划\行业专题研究\行研报告\美容和个人护理-行业研究\美容和个人护理（已处理）\个人护理\个人护理竞品分析底表-市场大盘v1.xlsx
洗护/头皮/防脱,BASK & LATHER,,美国,false,头发护理,头皮护理,20985204.26,2538498.87,121041,12,22.66619029619658,头皮护理 / 发型凝胶 / 洗发水和护发素套装,Z:\主线任务2-天眼计划\行业专题研究\行研报告\美容和个人护理-行业研究\美容和个人护理（已处理）\头发护理\头发护理竞品分析底表-市场大盘v1.xlsx
功效面部护肤,Dr Dennis Gross,,美国,false,个人护理,皮肤护理产品,20904540,1606885,10367,2,155,面部皮,Z:\主线任务2-天眼计划\行业专题研究\行研报告\美容和个人护理-行业研究\美容和个人护理（已处理）\个人护理\个人护理竞品分析底表-市场大盘v1.xlsx
功效面部护肤,First Aid Beauty,,美国,false,个人护理,皮肤护理产品,20854371.2,1137891,36749,9,33.15622058703338,面部皮 / 面部保湿霜 / 棉垫和圆形,Z:\主线任务2-天眼计划\行业专题研究\行研报告\美容和个人护理-行业研究\美容和个人护理（已处理）\个人护理\个人护理竞品分析底表-市场大盘v1.xlsx
美甲/手足护理,SUNUV,,美国,false,足部、手部和指甲护理,指甲油和装饰产品,20804016.55,1321521.7,40025,8,36.28974846799716,指甲烘干机 / 指甲油固化灯 / 组合钉底和顶涂层,Z:\主线任务2-天眼计划\行业专题研究\行研报告\美容和个人护理-行业研究\美容和个人护理（已处理）\足部、手部和指甲护理\足部、手部和指甲护理竞品分析底表-市场大盘v1.xlsx
功效面部护肤,Revision Skincare,,美国,false,皮肤护理,面部皮肤护理产品,20797030.5,1388028.5,20494,14,90.38018941974174,洗面奶 / 面部精华液 / 面部着色保湿霜,Z:\主线任务2-天眼计划\行业专题研究\行研报告\美容和个人护理-行业研究\美容和个人护理（已处理）\皮肤护理\皮肤护理竞品分析底表-市场大盘v1.xlsx
男士剃须/理容,Jean Paul Gaultier,,美国,false,香水,男士香水,20788796.76,1442020.82,14965,34,99.89460648591748,男士香水套装 / 男士淡香水 / 男士香水,Z:\主线任务2-天眼计划\行业专题研究\行研报告\美容和个人护理-行业研究\美容和个人护理（已处理）\香水\香水竞品分析底表-市场大盘v1.xlsx
男士剃须/理容,Freebird,,美国,false,剃须和脱毛,男士剃须和脱毛产品,20770029.65,1533437.93,29999,11,55.86448460101675,男士电动剃须刀更换头 / 剃须后乳液 / 女式电动剃须刀,Z:\主线任务2-天眼计划\行业专题研究\行研报告\美容和个人护理-行业研究\美容和个人护理（已处理）\剃须和脱毛\剃须和脱毛竞品分析底表-市场大盘v1.xlsx
口腔护理,Tom‘s of Maine,,美国,false,护肤与个护,口腔护理产品,20756276.82,1680338.66,108784,11,16.60701464989206,牙膏 / 漱口水 / 止汗除臭剂,Z:\主线任务2-天眼计划\行业专题研究\行研报告\健康与家庭-行业报告 V2.0\健康与家庭底表（已处理）\个人护理产品\个人护理产品竞品分析底表-市场大盘v1.xlsx
口腔护理,Tom‘s of Maine,,美国,false,个人护理,口腔护理产品,20756276.82,1680338.66,108784,11,16.60701464989206,牙膏 / 漱口水 / 止汗除臭剂,Z:\主线任务2-天眼计划\行业专题研究\行研报告\美容和个人护理-行业研究\美容和个人护理（已处理）\个人护理\个人护理竞品分析底表-市场大盘v1.xlsx
洗护/头皮/防脱,Ouidad,,美国,false,头发护理,发型产品,20751944.64,2358678.84,55231,16,55.98891420444507,护发素 / 发型凝胶 / 套件、套件,Z:\主线任务2-天眼计划\行业专题研究\行研报告\美容和个人护理-行业研究\美容和个人护理（已处理）\头发护理\头发护理竞品分析底表-市场大盘v1.xlsx
男士剃须/理容,BaBylissPRO,,美国,false,剃须和脱毛,男士剃须和脱毛产品,20702989.25,1433022.86,10511,30,179.7237442198235,男士箔片剃须刀 / 胡须修剪器 / 剃须和脱毛产品,Z:\主线任务2-天眼计划\行业专题研究\行研报告\美容和个人护理-行业研究\美容和个人护理（已处理）\剃须和脱毛\剃须和脱毛竞品分析底表-市场大盘v1.xlsx
男士剃须/理容,Bella Vita Luxury,,美国,false,香水,女性香水,20701290.68,1599949.47,69214,18,23.68274999528579,女式香水 / 男士香水套装 / 男士香水,Z:\主线任务2-天眼计划\行业专题研究\行研报告\美容和个人护理-行业研究\美容和个人护理（已处理）\香水\香水竞品分析底表-市场大盘v1.xlsx
功效面部护肤,Pizazz,,中国,true,头发护理,头发延伸、假发和配件,20608277.57,2343113.55,13879,3,169.3509402330502,换发假发,Z:\主线任务2-天眼计划\行业专题研究\行研报告\美容和个人护理-行业研究\美容和个人护理（已处理）\头发护理\头发护理竞品分析底表-市场大盘v1.xlsx
身体/沐浴/除臭,BYOMA,,美国,false,皮肤护理,面部皮肤护理产品,20601819.51,1767650.92,136383,20,13.4908499755144,面部精华液 / 面部保湿霜 / 沐浴露,Z:\主线任务2-天眼计划\行业专题研究\行研报告\美容和个人护理-行业研究\美容和个人护理（已处理）\皮肤护理\皮肤护理竞品分析底表-市场大盘v1.xlsx
功效面部护肤,Plexaderm,,美国,false,护肤与个护,皮肤护理产品,20486900.25,1601019.15,27517,4,58.88852378342882,眼部治疗系列 / 面部精华液,Z:\主线任务2-天眼计划\行业专题研究\行研报告\健康与家庭-行业报告 V2.0\健康与家庭底表（已处理）\个人护理产品\个人护理产品竞品分析底表-市场大盘v1.xlsx
功效面部护肤,Plexaderm,,美国,false,个人护理,皮肤护理产品,20486900.25,1601019.15,27517,4,58.88852378342882,眼部治疗系列 / 面部精华液,Z:\主线任务2-天眼计划\行业专题研究\行研报告\美容和个人护理-行业研究\美容和个人护理（已处理）\个人护理\个人护理竞品分析底表-市场大盘v1.xlsx
功效面部护肤,Plexaderm,,美国,false,皮肤护理,眼部护理产品,20486900.25,1601019.15,27517,4,58.88852378342882,眼部治疗系列 / 面部精华液,Z:\主线任务2-天眼计划\行业专题研究\行研报告\美容和个人护理-行业研究\美容和个人护理（已处理）\皮肤护理\皮肤护理竞品分析底表-市场大盘v1.xlsx
美容工具/仪器,Abib,,韩国,false,皮肤护理,眼部护理产品,20465097.7,2580598.32,127118,9,22.9895236351235,面膜 / 面部精华液 / 护肤套装和工具包,Z:\主线任务2-天眼计划\行业专题研究\行研报告\美容和个人护理-行业研究\美容和个人护理（已处理）\皮肤护理\皮肤护理竞品分析底表-市场大盘v1.xlsx
美甲/手足护理,ohora,,韩国,false,足部、手部和指甲护理,指甲油和装饰产品,20394021.45,750846.1900000001,51812,24,15.07588151855708,指甲艺术包装 / 指甲艺术贴纸和贴花 / 指甲加强剂,Z:\主线任务2-天眼计划\行业专题研究\行研报告\美容和个人护理-行业研究\美容和个人护理（已处理）\足部、手部和指甲护理\足部、手部和指甲护理竞品分析底表-市场大盘v1.xlsx
洗护/头皮/防脱,Herbal Essences,,美国,false,头发护理,洗发水和护发素,20354306.35,1451680.52,90811,11,18.61328431795723,洗发水 / 洗发水和护发素套装 / 二合一洗发水和护发素,Z:\主线任务2-天眼计划\行业专题研究\行研报告\美容和个人护理-行业研究\美容和个人护理（已处理）\头发护理\头发护理竞品分析底表-市场大盘v1.xlsx
香水/香氛,PHLUR,,美国,false,香水,女性香水,20331085,1339527,31007,16,49.49591385615967,女式香水 / 女式香水套装 / 女性身体喷雾香水,Z:\主线任务2-天眼计划\行业专题研究\行研报告\美容和个人护理-行业研究\美容和个人护理（已处理）\香水\香水竞品分析底表-市场大盘v1.xlsx
彩妆/卸妆,ILIA,,美国,false,护肤与个护,眼部化妆,20245381,1342795,38600,15,36.68659102841461,眼影 / 基础组成 / 睫毛膏,Z:\主线任务2-天眼计划\行业专题研究\行研报告\美容和个人护理-行业研究\美容和个人护理（已处理）\化妆\化妆竞品分析底表-市场大盘v1.xlsx
洗护/头皮/防脱,CeraVe,,美国,false,头发护理,洗发水和护发素,20224163.23,1601408.56,144107,8,12.49326573288705,护发素 / 洗发水 / 二合一洗发水和护发素,Z:\主线任务2-天眼计划\行业专题研究\行研报告\美容和个人护理-行业研究\美容和个人护理（已处理）\头发护理\头发护理竞品分析底表-市场大盘v1.xlsx
身体/沐浴/除臭,Cliganic,,美国,false,护肤与个护,皮肤护理产品,20161041.2,1758117.71,103511,7,16.95625848575744,面部护理油 / 润唇膏和润肤霜 / 载体油,Z:\主线任务2-天眼计划\行业专题研究\行研报告\健康与家庭-行业报告 V2.0\健康与家庭底表（已处理）\个人护理产品\个人护理产品竞品分析底表-市场大盘v1.xlsx
男士剃须/理容,Freebird,,美国,false,个人护理,剃须和脱毛产品,20059541.25,1467263.1,26538,3,57.42522070172691,女式电动剃须刀 / 男士电动剃须刀更换头 / 男子旋转剃须刀,Z:\主线任务2-天眼计划\行业专题研究\行研报告\美容和个人护理-行业研究\美容和个人护理（已处理）\个人护理\个人护理竞品分析底表-市场大盘v1.xlsx
身体/沐浴/除臭,OSEA,,美国,false,皮肤护理,身体护肤品,20041020,2318522,46414,14,51.22625362191948,护肤套装和工具包 / 身体乳液 / 洗面奶,Z:\主线任务2-天眼计划\行业专题研究\行研报告\美容和个人护理-行业研究\美容和个人护理（已处理）\皮肤护理\皮肤护理竞品分析底表-市场大盘v1.xlsx
口腔护理,NOBS,,美国,false,美妆个护综合,牙膏,20020633.5,1310554.83,36517,3,40.82525509573682,儿童牙膏 / 牙线 / 牙膏,Z:\主线任务2-天眼计划\行业专题研究\行研报告\健康与家庭-行业报告 V2.0\健康与家庭底表（已处理）\口腔护理产品\口腔护理产品竞品分析底表-市场大盘v1.xlsx
身体/沐浴/除臭,Salt & Stone,,美国,false,皮肤护理,身体护肤品,20018608,2024500,61274,4,34.37421585576686,沐浴露 / 洗面奶 / 身体乳液,Z:\主线任务2-天眼计划\行业专题研究\行研报告\美容和个人护理-行业研究\美容和个人护理（已处理）\皮肤护理\皮肤护理竞品分析底表-市场大盘v1.xlsx
男士剃须/理容,Amazon Basics,,美国,false,剃须和脱毛,男士剃须和脱毛产品,19981547.9,1422974.73,97799,15,16.84069458921453,男子子弹剃刀 / 男士一次性剃须刀 / 女式刀片式剃须刀,Z:\主线任务2-天眼计划\行业专题研究\行研报告\美容和个人护理-行业研究\美容和个人护理（已处理）\剃须和脱毛\剃须和脱毛竞品分析底表-市场大盘v1.xlsx
功效面部护肤,CENTELLIAN 24,,韩国,false,皮肤护理,面部皮肤护理产品,19952173.15,1202796.65,38982,6,31.98432677502053,面部保湿霜 / 眼部护理霜,Z:\主线任务2-天眼计划\行业专题研究\行研报告\美容和个人护理-行业研究\美容和个人护理（已处理）\皮肤护理\皮肤护理竞品分析底表-市场大盘v1.xlsx
身体/沐浴/除臭,AmLactin,,美国,false,皮肤护理,身体护肤品,19948646.85,2123017.36,109674,9,20.52630969922921,身体乳液 / 身体霜 / 面部精华液,Z:\主线任务2-天眼计划\行业专题研究\行研报告\美容和个人护理-行业研究\美容和个人护理（已处理）\皮肤护理\皮肤护理竞品分析底表-市场大盘v1.xlsx
功效面部护肤,CENTELLIAN 24,,韩国,false,护肤与个护,皮肤护理产品,19823838.65,1175181.65,37360,5,32.24004897564622,面部保湿霜 / 眼部护理霜,Z:\主线任务2-天眼计划\行业专题研究\行研报告\健康与家庭-行业报告 V2.0\健康与家庭底表（已处理）\个人护理产品\个人护理产品竞品分析底表-市场大盘v1.xlsx
口腔护理,Boka,,美国,false,美妆个护综合,婴儿和儿童牙科护理产品,19818867.27,4018593.68,339793,10,12.175696324342,儿童牙膏 / 儿童电动牙刷 / 呼吸清新剂,Z:\主线任务2-天眼计划\行业专题研究\行研报告\健康与家庭-行业报告 V2.0\健康与家庭底表（已处理）\口腔护理产品\口腔护理产品竞品分析底表-市场大盘v1.xlsx
功效面部护肤,Obagi,,美国,false,护肤与个护,皮肤护理产品,19735740,1489525,9983,7,93.17165820891144,面部保湿霜 / 洁面啫喱 / 面部晚霜,Z:\主线任务2-天眼计划\行业专题研究\行研报告\健康与家庭-行业报告 V2.0\健康与家庭底表（已处理）\个人护理产品\个人护理产品竞品分析底表-市场大盘v1.xlsx
功效面部护肤,Estée Lauder,,美国,false,皮肤护理,面部皮肤护理产品,19697062.4,2049666.8,27986,15,89.38612781355485,面部晚霜 / 面部保湿霜 / 眼部护理霜,Z:\主线任务2-天眼计划\行业专题研究\行研报告\美容和个人护理-行业研究\美容和个人护理（已处理）\皮肤护理\皮肤护理竞品分析底表-市场大盘v1.xlsx
身体/沐浴/除臭,OSEA,,美国,false,护肤与个护,皮肤护理产品,19652572,2230074,44393,11,50.9029697052618,身体乳液 / 护肤套装和工具包 / 沐浴露,Z:\主线任务2-天眼计划\行业专题研究\行研报告\健康与家庭-行业报告 V2.0\健康与家庭底表（已处理）\个人护理产品\个人护理产品竞品分析底表-市场大盘v1.xlsx
功效面部护肤,CENTELLIAN 24,,韩国,false,个人护理,皮肤护理产品,19650994.65,1163057.65,37360,5,32.24004897564622,面部保湿霜 / 眼部护理霜,Z:\主线任务2-天眼计划\行业专题研究\行研报告\美容和个人护理-行业研究\美容和个人护理（已处理）\个人护理\个人护理竞品分析底表-市场大盘v1.xlsx
身体/沐浴/除臭,OSEA,,美国,false,个人护理,皮肤护理产品,19647974,2221904,44393,11,50.9029697052618,身体乳液 / 护肤套装和工具包 / 沐浴露,Z:\主线任务2-天眼计划\行业专题研究\行研报告\美容和个人护理-行业研究\美容和个人护理（已处理）\个人护理\个人护理竞品分析底表-市场大盘v1.xlsx
功效面部护肤,TOSOWOONG,,韩国,false,皮肤护理,面部皮肤护理产品,19645090.89,1167245.18,49027,14,24.19397654004448,面部保湿霜 / 面部精华液 / 面膜,Z:\主线任务2-天眼计划\行业专题研究\行研报告\美容和个人护理-行业研究\美容和个人护理（已处理）\皮肤护理\皮肤护理竞品分析底表-市场大盘v1.xlsx
口腔护理,drTung‘s,,美国,false,护肤与个护,口腔护理产品,19600400.75,1064874.28,33507,4,33.44745096782692,牙线,Z:\主线任务2-天眼计划\行业专题研究\行研报告\健康与家庭-行业报告 V2.0\健康与家庭底表（已处理）\个人护理产品\个人护理产品竞品分析底表-市场大盘v1.xlsx
口腔护理,drTung‘s,,美国,false,个人护理,口腔护理产品,19600400.75,1064874.28,33507,4,33.44745096782692,牙线,Z:\主线任务2-天眼计划\行业专题研究\行研报告\美容和个人护理-行业研究\美容和个人护理（已处理）\个人护理\个人护理竞品分析底表-市场大盘v1.xlsx
口腔护理,Lumineux,,美国,false,护肤与个护,口腔护理产品,19552408.07,1519107.89,78458,4,20.77972845121619,牙膏 / 牙齿美白产品 / 牙齿美白套装,Z:\主线任务2-天眼计划\行业专题研究\行研报告\健康与家庭-行业报告 V2.0\健康与家庭底表（已处理）\个人护理产品\个人护理产品竞品分析底表-市场大盘v1.xlsx
口腔护理,Lumineux,,美国,false,个人护理,口腔护理产品,19552408.07,1519107.89,78458,4,20.77972845121619,牙膏 / 牙齿美白产品 / 牙齿美白套装,Z:\主线任务2-天眼计划\行业专题研究\行研报告\美容和个人护理-行业研究\美容和个人护理（已处理）\个人护理\个人护理竞品分析底表-市场大盘v1.xlsx
身体/沐浴/除臭,Tree Hut,,美国,false,皮肤护理,身体护肤品,19469039.26,2089171.89,258879,11,8.96078332027529,身体磨砂 / 身体乳液 / 身体润肤霜,Z:\主线任务2-天眼计划\行业专题研究\行研报告\美容和个人护理-行业研究\美容和个人护理（已处理）\皮肤护理\皮肤护理竞品分析底表-市场大盘v1.xlsx
功效面部护肤,Withings,,美国,false,护肤与个护,浴室配件,19392275.85,968840.05,4799,4,278.19,数字浴室秤,Z:\主线任务2-天眼计划\行业专题研究\行研报告\家庭和厨房-行业研究\沐浴产品竞品分析底表-市场大盘v1.xlsx
功效面部护肤,simplehuman,,美国,false,护肤与个护,浴室配件,19270165.24,1434116.88,12618,16,111.06,浴室台面皂液器 / 个人化妆镜 / 淋浴Caddies,Z:\主线任务2-天眼计划\行业专题研究\行研报告\家庭和厨房-行业研究\沐浴产品竞品分析底表-市场大盘v1.xlsx
美容工具/仪器,Abib,,韩国,false,护肤与个护,皮肤护理产品,19258547.02,2485093.94,121173,5,23.25850374461096,护肤套装和工具包 / 眼罩 / 面膜,Z:\主线任务2-天眼计划\行业专题研究\行研报告\健康与家庭-行业报告 V2.0\健康与家庭底表（已处理）\个人护理产品\个人护理产品竞品分析底表-市场大盘v1.xlsx
美容工具/仪器,Abib,,韩国,false,个人护理,皮肤护理产品,19258547.02,2485093.94,121173,5,23.25850374461096,护肤套装和工具包 / 眼罩 / 面膜,Z:\主线任务2-天眼计划\行业专题研究\行研报告\美容和个人护理-行业研究\美容和个人护理（已处理）\个人护理\个人护理竞品分析底表-市场大盘v1.xlsx
男士剃须/理容,Norelco,,美国,false,头发护理,男士剃须和脱毛产品,19234270.71,842715.61,8827,3,97.56275426427666,胡须修剪器 / 剃须和脱毛产品,Z:\主线任务2-天眼计划\行业专题研究\行研报告\美容和个人护理-行业研究\美容和个人护理（已处理）\头发护理\头发护理竞品分析底表-市场大盘v1.xlsx
男士剃须/理容,Tweezerman,,美国,false,剃须和脱毛,男士剃须和脱毛产品,19226905.66,1558611.81,73759,36,21.73279156437291,脱毛镊子 / 女式替换剃刀刀片筒和重新填充 / 女式剃须剃刀和刀片,Z:\主线任务2-天眼计划\行业专题研究\行研报告\美容和个人护理-行业研究\美容和个人护理（已处理）\剃须和脱毛\剃须和脱毛竞品分析底表-市场大盘v1.xlsx
口腔护理,Lumineux,,美国,false,美妆个护综合,牙齿美白产品,19158309.55,1512945.39,77846,8,21.26820652535251,牙齿美白套装 / 牙膏 / 漱口水,Z:\主线任务2-天眼计划\行业专题研究\行研报告\健康与家庭-行业报告 V2.0\健康与家庭底表（已处理）\口腔护理产品\口腔护理产品竞品分析底表-市场大盘v1.xlsx
身体/沐浴/除臭,Hempz,,美国,false,皮肤护理,身体护肤品,19125214.68,1088803.08,59888,11,19.12446125556514,身体乳液,Z:\主线任务2-天眼计划\行业专题研究\行研报告\美容和个人护理-行业研究\美容和个人护理（已处理）\皮肤护理\皮肤护理竞品分析底表-市场大盘v1.xlsx
美容工具/仪器,MICHAEL TODD,,美国,false,护肤与个护,皮肤护理工具,19097769.2,1825843,20772,6,110.6043293887827,微磨皮装置 / 电动洁面刷和设备 / 电动洁面刷更换头,Z:\主线任务2-天眼计划\行业专题研究\行研报告\美容和个人护理-行业研究\美容和个人护理（已处理）\美容工具和配件\美容工具和配件竞品分析底表-市场大盘v1.xlsx
男士剃须/理容,Prada,,美国,false,香水,男士香水,19044462.91,1338091.77,16899,42,97.741245868286,女式香水 / 男士淡香水 / 男士香水,Z:\主线任务2-天眼计划\行业专题研究\行研报告\美容和个人护理-行业研究\美容和个人护理（已处理）\香水\香水竞品分析底表-市场大盘v1.xlsx
男士剃须/理容,Risina,,中国,true,护肤与个护,剃须和脱毛产品,19043097.84,1301337.36,32566,1,19.98,女式比基尼修剪器,Z:\主线任务2-天眼计划\行业专题研究\行研报告\健康与家庭-行业报告 V2.0\健康与家庭底表（已处理）\个人护理产品\个人护理产品竞品分析底表-市场大盘v1.xlsx
口腔护理,CloSYS,,美国,false,美妆个护综合,漱口水,19010283.63,2748756.69,154360,15,19.9917218954363,漱口水 / 牙膏 / 呼吸清新剂,Z:\主线任务2-天眼计划\行业专题研究\行研报告\健康与家庭-行业报告 V2.0\健康与家庭底表（已处理）\口腔护理产品\口腔护理产品竞品分析底表-市场大盘v1.xlsx
口腔护理,Retainer Brite,,美国,false,护肤与个护,口腔护理产品,18968373.45,1479739.99,59805,4,26.79899382573286,义齿清洁剂 / 个人正畸用品,Z:\主线任务2-天眼计划\行业专题研究\行研报告\健康与家庭-行业报告 V2.0\健康与家庭底表（已处理）\个人护理产品\个人护理产品竞品分析底表-市场大盘v1.xlsx
口腔护理,Retainer Brite,,美国,false,个人护理,口腔护理产品,18968373.45,1479739.99,59805,4,26.79899382573286,义齿清洁剂 / 个人正畸用品,Z:\主线任务2-天眼计划\行业专题研究\行研报告\美容和个人护理-行业研究\美容和个人护理（已处理）\个人护理\个人护理竞品分析底表-市场大盘v1.xlsx
功效面部护肤,Retainer Brite,,美国,false,美妆个护综合,个人正畸用品,18966898.27,1485341.92,59909,4,26.85355245181527,义齿清洁剂 / 个人正畸用品,Z:\主线任务2-天眼计划\行业专题研究\行研报告\健康与家庭-行业报告 V2.0\健康与家庭底表（已处理）\口腔护理产品\口腔护理产品竞品分析底表-市场大盘v1.xlsx
功效面部护肤,EUDELE,,中国,true,护肤与个护,浴室配件,18960979.9,1088596.54,60402,3,18.92,淋浴Caddies,Z:\主线任务2-天眼计划\行业专题研究\行研报告\家庭和厨房-行业研究\沐浴产品竞品分析底表-市场大盘v1.xlsx
美容工具/仪器,Wahl Professional,,美国,false,头发护理,理发工具,18950138.08,1640337.62,14388,14,139.4693984149434,剪发器 / 头发整理修剪器,Z:\主线任务2-天眼计划\行业专题研究\行研报告\美容和个人护理-行业研究\美容和个人护理（已处理）\头发护理\头发护理竞品分析底表-市场大盘v1.xlsx
功效面部护肤,BOZYBO,,中国,true,护肤与个护,浴室配件,18925955.1,1778269.95,35601,1,49.95,固定淋浴喷头,Z:\主线任务2-天眼计划\行业专题研究\行研报告\家庭和厨房-行业研究\沐浴产品竞品分析底表-市场大盘v1.xlsx
身体/沐浴/除臭,Bioderma,,美国,false,皮肤护理,身体护肤品,18925564.12,1460950.43,59687,10,25.62132001473863,沐浴露 / 洁面啫喱 / 洗面奶,Z:\主线任务2-天眼计划\行业专题研究\行研报告\美容和个人护理-行业研究\美容和个人护理（已处理）\皮肤护理\皮肤护理竞品分析底表-市场大盘v1.xlsx
功效面部护肤,Jolie Skin Company,,加拿大,false,护肤与个护,浴室配件,18915166.7,823103.6,9955,2,123.57,喷淋头过滤器,Z:\主线任务2-天眼计划\行业专题研究\行研报告\家庭和厨房-行业研究\沐浴产品竞品分析底表-市场大盘v1.xlsx
洗护/头皮/防脱,Native,,美国,false,头发护理,洗发水和护发素,18786910.47,1697556,81837,6,21.27507170732512,洗发水和护发素套装 / 二合一洗发水和护发素 / 护发素,Z:\主线任务2-天眼计划\行业专题研究\行研报告\美容和个人护理-行业研究\美容和个人护理（已处理）\头发护理\头发护理竞品分析底表-市场大盘v1.xlsx
功效面部护肤,JiYu,,美国,false,护肤与个护,皮肤护理产品,18785754.1,2650323.1,47938,2,56.70185942423398,面部保湿霜 / 面部磨砂膏,Z:\主线任务2-天眼计划\行业专题研究\行研报告\健康与家庭-行业报告 V2.0\健康与家庭底表（已处理）\个人护理产品\个人护理产品竞品分析底表-市场大盘v1.xlsx
功效面部护肤,JiYu,,美国,false,个人护理,皮肤护理产品,18785754.1,2650323.1,47938,2,56.70185942423398,面部保湿霜 / 面部磨砂膏,Z:\主线任务2-天眼计划\行业专题研究\行研报告\美容和个人护理-行业研究\美容和个人护理（已处理）\个人护理\个人护理竞品分析底表-市场大盘v1.xlsx
身体/沐浴/除臭,Aesop,,美国,false,皮肤护理,身体护肤品,18674018,850433,15165,7,64.98637870355454,手洗 / 沐浴露 / 身体磨砂,Z:\主线任务2-天眼计划\行业专题研究\行研报告\美容和个人护理-行业研究\美容和个人护理（已处理）\皮肤护理\皮肤护理竞品分析底表-市场大盘v1.xlsx
彩妆/卸妆,Milk Makeup,,美国,false,护肤与个护,面部化妆,18672520.2,1338731.2,40932,20,28.65470555211461,基础底漆 / 唇彩 / 面部荧光笔和发光器,Z:\主线任务2-天眼计划\行业专题研究\行研报告\美容和个人护理-行业研究\美容和个人护理（已处理）\化妆\化妆竞品分析底表-市场大盘v1.xlsx
洗护/头皮/防脱,INNERSENSE,,美国,false,头发护理,发型产品,18624777,1501455,51475,19,29.87177038272875,发型凝胶 / 护发素 / 发型膏和乳液,Z:\主线任务2-天眼计划\行业专题研究\行研报告\美容和个人护理-行业研究\美容和个人护理（已处理）\头发护理\头发护理竞品分析底表-市场大盘v1.xlsx
功效面部护肤,DAE,,美国,false,头发护理,发型产品,18610328,1076592,41197,9,26.9856881715636,发胶 / 发型膏和乳液 / 头发笔刷,Z:\主线任务2-天眼计划\行业专题研究\行研报告\美容和个人护理-行业研究\美容和个人护理（已处理）\头发护理\头发护理竞品分析底表-市场大盘v1.xlsx
功效面部护肤,YANIBEST,,中国,true,头发护理,发型配饰,18579040.28,1267345.76,116139,9,11.09136344796703,发帽 / 假发帽 / 头发弹性材料和领带,Z:\主线任务2-天眼计划\行业专题研究\行研报告\美容和个人护理-行业研究\美容和个人护理（已处理）\头发护理\头发护理竞品分析底表-市场大盘v1.xlsx
身体/沐浴/除臭,AmLactin,,美国,false,护肤与个护,皮肤护理产品,18570456.68,2031223.35,104917,6,20.52566724604658,身体霜 / 身体乳液 / 面部精华液,Z:\主线任务2-天眼计划\行业专题研究\行研报告\健康与家庭-行业报告 V2.0\健康与家庭底表（已处理）\个人护理产品\个人护理产品竞品分析底表-市场大盘v1.xlsx
身体/沐浴/除臭,AmLactin,,美国,false,个人护理,皮肤护理产品,18570456.68,2031223.35,104917,6,20.52566724604658,身体霜 / 身体乳液 / 面部精华液,Z:\主线任务2-天眼计划\行业专题研究\行研报告\美容和个人护理-行业研究\美容和个人护理（已处理）\个人护理\个人护理竞品分析底表-市场大盘v1.xlsx
功效面部护肤,iRestore,,美国,false,头发护理,脱发产品,18532470,1878597,1908,3,1285.122989656643,头发再生设备,Z:\主线任务2-天眼计划\行业专题研究\行研报告\美容和个人护理-行业研究\美容和个人护理（已处理）\头发护理\头发护理竞品分析底表-市场大盘v1.xlsx
功效面部护肤,Physicians Formula,,美国,false,护肤与个护,面部化妆,18501981.049999997,1274843.74,100698,46,12.93035150262584,面部腮红 / 面部喷枪 / 扑面粉,Z:\主线任务2-天眼计划\行业专题研究\行研报告\美容和个人护理-行业研究\美容和个人护理（已处理）\化妆\化妆竞品分析底表-市场大盘v1.xlsx
男士剃须/理容,Viking Revolution,,美国,false,护肤与个护,剃须和脱毛产品,18475668.63,1145132.57,53284,20,22.29507635105707,轴承调节器和油 / 胡子和芥末梳子 / 男士剃须和美容套装,Z:\主线任务2-天眼计划\行业专题研究\行研报告\美容和个人护理-行业研究\美容和个人护理（已处理）\美容工具和配件\美容工具和配件竞品分析底表-市场大盘v1.xlsx
男士剃须/理容,MERIDIAN,,美国,false,护肤与个护,剃须和脱毛产品,18475003.770000003,1323514.81,19464,4,35.96121141104469,体毛美容师 / 女式比基尼修剪器,Z:\主线任务2-天眼计划\行业专题研究\行研报告\美容和个人护理-行业研究\美容和个人护理（已处理）\美容工具和配件\美容工具和配件竞品分析底表-市场大盘v1.xlsx
男士剃须/理容,Tree Hut,,美国,false,个人护理,皮肤护理产品,18390319.37,2305388.39,278578,8,9.112078342296154,身体磨砂 / 手洗 / 女性剃须膏、乳液和凝胶,Z:\主线任务2-天眼计划\行业专题研究\行研报告\美容和个人护理-行业研究\美容和个人护理（已处理）\个人护理\个人护理竞品分析底表-市场大盘v1.xlsx
口腔护理,Boka,,美国,false,护肤与个护,口腔护理产品,18386553.55,3916572.15,333387,6,11.9974685537454,儿童牙膏 / 呼吸清新剂 / 牙线,Z:\主线任务2-天眼计划\行业专题研究\行研报告\健康与家庭-行业报告 V2.0\健康与家庭底表（已处理）\个人护理产品\个人护理产品竞品分析底表-市场大盘v1.xlsx
口腔护理,Boka,,美国,false,个人护理,口腔护理产品,18386553.55,3916572.15,333387,6,11.9974685537454,儿童牙膏 / 呼吸清新剂 / 牙线,Z:\主线任务2-天眼计划\行业专题研究\行研报告\美容和个人护理-行业研究\美容和个人护理（已处理）\个人护理\个人护理竞品分析底表-市场大盘v1.xlsx
美容工具/仪器,MAREE,,美国,false,护肤与个护,皮肤护理工具,18375984.23,1625786.8699999999,46507,4,20.80884477349872,粉刺清除设备 / 面部护理带,Z:\主线任务2-天眼计划\行业专题研究\行研报告\美容和个人护理-行业研究\美容和个人护理（已处理）\美容工具和配件\美容工具和配件竞品分析底表-市场大盘v1.xlsx
口腔护理,Dr. Brown‘s,,美国,false,美妆个护综合,婴儿和儿童牙科护理产品,18342879.26,578497.41,108672,11,5.59889315476797,婴儿牙刷 / 儿童牙膏 / 牙膏,Z:\主线任务2-天眼计划\行业专题研究\行研报告\健康与家庭-行业报告 V2.0\健康与家庭底表（已处理）\口腔护理产品\口腔护理产品竞品分析底表-市场大盘v1.xlsx
男士剃须/理容,Ufree,,中国,true,护肤与个护,剃须和脱毛产品,18309115.58,1917024.33,42506,7,26.84261150688551,胡须修剪器 / 女式比基尼修剪器 / 女式电动剃须刀配件,Z:\主线任务2-天眼计划\行业专题研究\行研报告\美容和个人护理-行业研究\美容和个人护理（已处理）\美容工具和配件\美容工具和配件竞品分析底表-市场大盘v1.xlsx
美容工具/仪器,Estée Lauder,,美国,false,个人护理,皮肤护理产品,18248367.6,1917199.2,26247,11,87.72136245414664,面部晚霜 / 面部保湿霜 / 护肤套装和工具包,Z:\主线任务2-天眼计划\行业专题研究\行研报告\美容和个人护理-行业研究\美容和个人护理（已处理）\个人护理\个人护理竞品分析底表-市场大盘v1.xlsx
身体/沐浴/除臭,everyone for every body,,美国,false,护肤与个护,皮肤护理产品,18215700.61,1095726.01,45697,7,25.19406396577188,身体乳液 / 手洗 / 沐浴露,Z:\主线任务2-天眼计划\行业专题研究\行研报告\健康与家庭-行业报告 V2.0\健康与家庭底表（已处理）\个人护理产品\个人护理产品竞品分析底表-市场大盘v1.xlsx
身体/沐浴/除臭,everyone for every body,,美国,false,个人护理,皮肤护理产品,18215700.61,1095726.01,45697,7,25.19406396577188,身体乳液 / 手洗 / 沐浴露,Z:\主线任务2-天眼计划\行业专题研究\行研报告\美容和个人护理-行业研究\美容和个人护理（已处理）\个人护理\个人护理竞品分析底表-市场大盘v1.xlsx
功效面部护肤,JiYu,,美国,false,皮肤护理,面部皮肤护理产品,18177034.1,2522413.1,47938,2,52.99002722630961,面部保湿霜 / 面部磨砂膏,Z:\主线任务2-天眼计划\行业专题研究\行研报告\美容和个人护理-行业研究\美容和个人护理（已处理）\皮肤护理\皮肤护理竞品分析底表-市场大盘v1.xlsx
洗护/头皮/防脱,Routine Wellness,,美国,false,头发护理,脱发产品,18172896.39,687450.25,19908,5,36.26736465293307,头发再生护发素 / 头发再生洗发水 / 头发护理产品,Z:\主线任务2-天眼计划\行业专题研究\行研报告\美容和个人护理-行业研究\美容和个人护理（已处理）\头发护理\头发护理竞品分析底表-市场大盘v1.xlsx
美甲/手足护理,Sally Hansen,,美国,false,足部、手部和指甲护理,指甲油和装饰产品,18153315.13,1776700.97,317323,32,6.813304178305256,指甲油 / 凝胶指甲油 / 角质去除液,Z:\主线任务2-天眼计划\行业专题研究\行研报告\美容和个人护理-行业研究\美容和个人护理（已处理）\足部、手部和指甲护理\足部、手部和指甲护理竞品分析底表-市场大盘v1.xlsx
功效面部护肤,BYOMA,,美国,false,护肤与个护,皮肤护理产品,18053112.82,1532849.82,116811,12,13.42097843370069,面部精华液 / 面部保湿霜 / 洗面奶,Z:\主线任务2-天眼计划\行业专题研究\行研报告\健康与家庭-行业报告 V2.0\健康与家庭底表（已处理）\个人护理产品\个人护理产品竞品分析底表-市场大盘v1.xlsx
洗护/头皮/防脱,IGK,,美国,false,头发护理,发型产品,18047064.73,1319158.5,41154,15,33.65953412315504,头发热防护喷雾 / 干洗发水 / 发型鼠标,Z:\主线任务2-天眼计划\行业专题研究\行研报告\美容和个人护理-行业研究\美容和个人护理（已处理）\头发护理\头发护理竞品分析底表-市场大盘v1.xlsx
功效面部护肤,Full Shine,,中国,true,头发护理,头发延伸、假发和配件,18028366.53,1397992.24,37645,10,54.64649972105709,头发延伸部分 / 假发和假发粘合剂,Z:\主线任务2-天眼计划\行业专题研究\行研报告\美容和个人护理-行业研究\美容和个人护理（已处理）\头发护理\头发护理竞品分析底表-市场大盘v1.xlsx
美甲/手足护理,TINKRSTUFF,,中国,true,足部、手部和指甲护理,指甲油和装饰产品,17979716.88,2145586.4,174360,12,12.90152232322129,指甲艺术水钻 / 剪贴簿装饰,Z:\主线任务2-天眼计划\行业专题研究\行研报告\美容和个人护理-行业研究\美容和个人护理（已处理）\足部、手部和指甲护理\足部、手部和指甲护理竞品分析底表-市场大盘v1.xlsx
口腔护理,InoPro,,美国,false,美妆个护综合,牙齿美白产品,17951908.98,878758.86,30614,3,29.40824603623342,牙膏 / 牙齿美白套装 / 牙齿美白条,Z:\主线任务2-天眼计划\行业专题研究\行研报告\健康与家庭-行业报告 V2.0\健康与家庭底表（已处理）\口腔护理产品\口腔护理产品竞品分析底表-市场大盘v1.xlsx
功效面部护肤,Got2B,,美国,false,头发护理,发型产品,17930935.38,1006507.02,79574,15,16.03872431649806,发型凝胶 / 发胶 / 发型蜡,Z:\主线任务2-天眼计划\行业专题研究\行研报告\美容和个人护理-行业研究\美容和个人护理（已处理）\头发护理\头发护理竞品分析底表-市场大盘v1.xlsx
男士剃须/理容,INTUITION,,美国,false,护肤与个护,剃须和脱毛产品,17928168.82,1560554.6600000001,76269,10,13.14375718014694,药筒 / 女式一次性剃须刀 / 女式刀片式剃须刀,Z:\主线任务2-天眼计划\行业专题研究\行研报告\美容和个人护理-行业研究\美容和个人护理（已处理）\美容工具和配件\美容工具和配件竞品分析底表-市场大盘v1.xlsx
男士剃须/理容,MANSCAPED,,美国,false,头发护理,男士剃须和脱毛产品,17911730.8,1032146.44,13356,3,93.6417081820289,剪发刀和剪发刀 / 男士电动剃须刀更换头 / 胡须修剪器,Z:\主线任务2-天眼计划\行业专题研究\行研报告\美容和个人护理-行业研究\美容和个人护理（已处理）\头发护理\头发护理竞品分析底表-市场大盘v1.xlsx
男士剃须/理容,Cremo,,美国,false,护肤与个护,皮肤护理产品,17894233.36,1511029.6400000001,121791,7,8.77267060199529,沐浴露 / 男士剃须膏 / 沐浴皂,Z:\主线任务2-天眼计划\行业专题研究\行研报告\健康与家庭-行业报告 V2.0\健康与家庭底表（已处理）\个人护理产品\个人护理产品竞品分析底表-市场大盘v1.xlsx
彩妆/卸妆,Lilac St.,,美国,false,护肤与个护,化妆刷和工具,17893740,542186,18202,4,20.18665771945813,假睫毛 / 假睫毛胶,Z:\主线任务2-天眼计划\行业专题研究\行研报告\美容和个人护理-行业研究\美容和个人护理（已处理）\美容工具和配件\美容工具和配件竞品分析底表-市场大盘v1.xlsx
身体/沐浴/除臭,Jack Black,,美国,false,个人护理,皮肤护理产品,17863516,1193191,41935,10,30.29761287170285,沐浴皂 / 洗面奶 / 润唇膏和润肤霜,Z:\主线任务2-天眼计划\行业专题研究\行研报告\美容和个人护理-行业研究\美容和个人护理（已处理）\个人护理\个人护理竞品分析底表-市场大盘v1.xlsx
功效面部护肤,TruSkin,,美国,false,皮肤护理,面部皮肤护理产品,17754634.61,1461197.94,83150,7,18.43114048846797,面部精华液 / 面部保湿霜 / 面部防晒霜,Z:\主线任务2-天眼计划\行业专题研究\行研报告\美容和个人护理-行业研究\美容和个人护理（已处理）\皮肤护理\皮肤护理竞品分析底表-市场大盘v1.xlsx
功效面部护肤,BYOMA,,美国,false,个人护理,皮肤护理产品,17729672.15,1513949.59,116811,12,13.42097843370069,面部精华液 / 面部保湿霜 / 洗面奶,Z:\主线任务2-天眼计划\行业专题研究\行研报告\美容和个人护理-行业研究\美容和个人护理（已处理）\个人护理\个人护理竞品分析底表-市场大盘v1.xlsx
香水/香氛,Billie Eilish,,美国,false,香水,女性香水,17668551.57,521239.86,7807,7,69.81587395407558,女式香水,Z:\主线任务2-天眼计划\行业专题研究\行研报告\美容和个人护理-行业研究\美容和个人护理（已处理）\香水\香水竞品分析底表-市场大盘v1.xlsx
洗护/头皮/防脱,The Honest Company,,美国,false,头发护理,婴儿沐浴用品,17638441.16,836787.3200000001,124799,2,6.939122951337264,婴儿沐浴露 / 护发素,Z:\主线任务2-天眼计划\行业专题研究\行研报告\美容和个人护理-行业研究\美容和个人护理（已处理）\头发护理\头发护理竞品分析底表-市场大盘v1.xlsx
功效面部护肤,TULA,,美国,false,护肤与个护,皮肤护理产品,17627131,1156479,29761,6,35.33330597107182,洗面奶 / 眼部护理霜 / 面部保湿霜,Z:\主线任务2-天眼计划\行业专题研究\行研报告\健康与家庭-行业报告 V2.0\健康与家庭底表（已处理）\个人护理产品\个人护理产品竞品分析底表-市场大盘v1.xlsx
洗护/头皮/防脱,It‘s a 10 Haircare,,美国,false,头发护理,发型产品,17573873.81,1380290.07,59111,15,27.56094340843877,护发素 / 头发护理面膜 / 发型产品,Z:\主线任务2-天眼计划\行业专题研究\行研报告\美容和个人护理-行业研究\美容和个人护理（已处理）\头发护理\头发护理竞品分析底表-市场大盘v1.xlsx
口腔护理,InoPro,,美国,false,护肤与个护,口腔护理产品,17543880.09,851416.1000000001,28390,2,29.99,牙齿美白套装 / 牙齿美白条,Z:\主线任务2-天眼计划\行业专题研究\行研报告\健康与家庭-行业报告 V2.0\健康与家庭底表（已处理）\个人护理产品\个人护理产品竞品分析底表-市场大盘v1.xlsx
口腔护理,InoPro,,美国,false,个人护理,口腔护理产品,17543880.09,851416.1000000001,28390,2,29.99,牙齿美白套装 / 牙齿美白条,Z:\主线任务2-天眼计划\行业专题研究\行研报告\美容和个人护理-行业研究\美容和个人护理（已处理）\个人护理\个人护理竞品分析底表-市场大盘v1.xlsx
彩妆/卸妆,Ardell,,美国,false,护肤与个护,眼部化妆,17538409.76,1234120.7400000002,55296,32,14.88626192428799,假睫毛 / 眉毛颜色,Z:\主线任务2-天眼计划\行业专题研究\行研报告\美容和个人护理-行业研究\美容和个人护理（已处理）\化妆\化妆竞品分析底表-市场大盘v1.xlsx
功效面部护肤,Frownies,,美国,false,皮肤护理,眼部护理产品,17508164.65,1158063.25,41656,5,29.5983235479582,眼部皱纹垫和贴片,Z:\主线任务2-天眼计划\行业专题研究\行研报告\美容和个人护理-行业研究\美容和个人护理（已处理）\皮肤护理\皮肤护理竞品分析底表-市场大盘v1.xlsx
口腔护理,Native,,美国,false,护肤与个护,皮肤护理产品,17496130.84,2733653.38,208562,11,13.84157153303759,沐浴露 / 除臭剂 / 牙膏,Z:\主线任务2-天眼计划\行业专题研究\行研报告\健康与家庭-行业报告 V2.0\健康与家庭底表（已处理）\个人护理产品\个人护理产品竞品分析底表-市场大盘v1.xlsx
口腔护理,Native,,美国,false,个人护理,皮肤护理产品,17496130.84,2733653.38,208562,11,13.84157153303759,沐浴露 / 除臭剂 / 牙膏,Z:\主线任务2-天眼计划\行业专题研究\行研报告\美容和个人护理-行业研究\美容和个人护理（已处理）\个人护理\个人护理竞品分析底表-市场大盘v1.xlsx
美容工具/仪器,Shark,,美国,false,护肤与个护,皮肤护理工具,17453469.75,2602599.48,6552,1,349.99,皱纹和抗衰老装置,Z:\主线任务2-天眼计划\行业专题研究\行研报告\美容和个人护理-行业研究\美容和个人护理（已处理）\美容工具和配件\美容工具和配件竞品分析底表-市场大盘v1.xlsx
功效面部护肤,Revision Skincare,,美国,false,个人护理,皮肤护理产品,17406148.5,1185287.5,17748,8,87.41250519388755,面部精华液 / 面部着色保湿霜 / 洗面奶,Z:\主线任务2-天眼计划\行业专题研究\行研报告\美容和个人护理-行业研究\美容和个人护理（已处理）\个人护理\个人护理竞品分析底表-市场大盘v1.xlsx
功效面部护肤,Youth to the People,,美国,false,皮肤护理,面部皮肤护理产品,17327146,861822,17889,2,41.70960924080021,洗面奶 / 面膜,Z:\主线任务2-天眼计划\行业专题研究\行研报告\美容和个人护理-行业研究\美容和个人护理（已处理）\皮肤护理\皮肤护理竞品分析底表-市场大盘v1.xlsx
造型工具/吹风,T3 Micro,,美国,false,头发护理,造型工具和设备,17325474.79,1532288.38,8662,7,189.9655653371201,直发熨斗 / 卷发器 / 头发多样式器,Z:\主线任务2-天眼计划\行业专题研究\行研报告\美容和个人护理-行业研究\美容和个人护理（已处理）\头发护理\头发护理竞品分析底表-市场大盘v1.xlsx
男士剃须/理容,Calvin Klein,,美国,false,香水,女性香水,17316396.82,1039304.02,12360,27,97.17217703497384,女式香水 / 女式淡香水 / 男士淡香水,Z:\主线任务2-天眼计划\行业专题研究\行研报告\美容和个人护理-行业研究\美容和个人护理（已处理）\香水\香水竞品分析底表-市场大盘v1.xlsx
功效面部护肤,Vibriance,,美国,false,护肤与个护,皮肤护理产品,17296124,1312772,24720,2,46.63085250056055,面部着色保湿霜 / 面部精华液,Z:\主线任务2-天眼计划\行业专题研究\行研报告\健康与家庭-行业报告 V2.0\健康与家庭底表（已处理）\个人护理产品\个人护理产品竞品分析底表-市场大盘v1.xlsx
美甲/手足护理,SAVILAND,,中国,true,足部、手部和指甲护理,指甲油和装饰产品,17264970.89,1367619.64,96660,77,20.70453761851504,假指甲胶 / 丙烯酸指甲工具 / 浸渍修甲套件,Z:\主线任务2-天眼计划\行业专题研究\行研报告\美容和个人护理-行业研究\美容和个人护理（已处理）\足部、手部和指甲护理\足部、手部和指甲护理竞品分析底表-市场大盘v1.xlsx
功效面部护肤,UNA GELLA,,中国,true,护肤与个护,足部、手部和指甲护理产品,17233336.66,1342318.22,125407,5,11.55502835817873,假指甲尖 / 指甲修复 / 礼品套装,Z:\主线任务2-天眼计划\行业专题研究\行研报告\美容和个人护理-行业研究\美容和个人护理（已处理）\礼品套装\礼品套装竞品分析底表-市场大盘v1.xlsx
美甲/手足护理,CurvLife,,中国,true,足部、手部和指甲护理,指甲油和装饰产品,17179865.7,1860956.21,151199,25,12.61649046320117,按压假指甲 / 假指甲胶 / 指甲油去除剂,Z:\主线任务2-天眼计划\行业专题研究\行研报告\美容和个人护理-行业研究\美容和个人护理（已处理）\足部、手部和指甲护理\足部、手部和指甲护理竞品分析底表-市场大盘v1.xlsx
功效面部护肤,No7,,美国,false,个人护理,皮肤护理产品,17143434.31,1365032.43,57160,14,30.31086879445055,面部保湿霜 / 面部精华液 / 面部晚霜,Z:\主线任务2-天眼计划\行业专题研究\行研报告\美容和个人护理-行业研究\美容和个人护理（已处理）\个人护理\个人护理竞品分析底表-市场大盘v1.xlsx
身体/沐浴/除臭,NIVEA MEN,,美国,false,个人护理,皮肤护理产品,17143374.31,1232330.2,93192,11,14.67282186024492,沐浴露 / 身体乳液 / 洗面奶,Z:\主线任务2-天眼计划\行业专题研究\行研报告\美容和个人护理-行业研究\美容和个人护理（已处理）\个人护理\个人护理竞品分析底表-市场大盘v1.xlsx
功效面部护肤,SimplyVital,,美国,false,护肤与个护,皮肤护理产品,17096087.1,1488642.34,87722,1,16.97,颈部和Décolleté保湿霜,Z:\主线任务2-天眼计划\行业专题研究\行研报告\健康与家庭-行业报告 V2.0\健康与家庭底表（已处理）\个人护理产品\个人护理产品竞品分析底表-市场大盘v1.xlsx
功效面部护肤,SimplyVital,,美国,false,个人护理,皮肤护理产品,17096087.1,1488642.34,87722,1,16.97,颈部和Décolleté保湿霜,Z:\主线任务2-天眼计划\行业专题研究\行研报告\美容和个人护理-行业研究\美容和个人护理（已处理）\个人护理\个人护理竞品分析底表-市场大盘v1.xlsx
功效面部护肤,SimplyVital,,美国,false,皮肤护理,面部皮肤护理产品,17096087.1,1488642.34,87722,1,16.97,颈部和Décolleté保湿霜,Z:\主线任务2-天眼计划\行业专题研究\行研报告\美容和个人护理-行业研究\美容和个人护理（已处理）\皮肤护理\皮肤护理竞品分析底表-市场大盘v1.xlsx
男士剃须/理容,Risina,,中国,true,剃须和脱毛,女性剃须和脱毛产品,17081877.97,653367.78,32656,2,20.02135188759997,女式比基尼修剪器,Z:\主线任务2-天眼计划\行业专题研究\行研报告\美容和个人护理-行业研究\美容和个人护理（已处理）\剃须和脱毛\剃须和脱毛竞品分析底表-市场大盘v1.xlsx
造型工具/吹风,Bounce Curl,,美国,false,头发护理,造型工具和设备,16968742,644774,21610,4,29.84687968187303,头发笔刷,Z:\主线任务2-天眼计划\行业专题研究\行研报告\美容和个人护理-行业研究\美容和个人护理（已处理）\头发护理\头发护理竞品分析底表-市场大盘v1.xlsx
男士剃须/理容,TPOB,,阿联酋,false,头发护理,理发工具,16954455.6,1230478.94,14934,8,119.2586628720358,剪发器 / 剃须和脱毛产品 / 剪发刀和剪发刀,Z:\主线任务2-天眼计划\行业专题研究\行研报告\美容和个人护理-行业研究\美容和个人护理（已处理）\头发护理\头发护理竞品分析底表-市场大盘v1.xlsx
洗护/头皮/防脱,L’Oreal Paris,,美国,false,头发护理,洗发水和护发素,16922244.69,1622189.17,135728,16,12.96832916157368,洗发水 / 护发素 / 洗发水和护发素套装,Z:\主线任务2-天眼计划\行业专题研究\行研报告\美容和个人护理-行业研究\美容和个人护理（已处理）\头发护理\头发护理竞品分析底表-市场大盘v1.xlsx
功效面部护肤,TruSkin,,美国,false,护肤与个护,皮肤护理产品,16901278.26,1386874.38,80093,5,18.07128049463283,面部精华液 / 面部保湿霜,Z:\主线任务2-天眼计划\行业专题研究\行研报告\健康与家庭-行业报告 V2.0\健康与家庭底表（已处理）\个人护理产品\个人护理产品竞品分析底表-市场大盘v1.xlsx
功效面部护肤,TruSkin,,美国,false,个人护理,皮肤护理产品,16901278.26,1386874.38,80093,5,18.07128049463283,面部精华液 / 面部保湿霜,Z:\主线任务2-天眼计划\行业专题研究\行研报告\美容和个人护理-行业研究\美容和个人护理（已处理）\个人护理\个人护理竞品分析底表-市场大盘v1.xlsx
口腔护理,LIVFRESH,,美国,false,美妆个护综合,牙膏,16867494.57,1332006.16,51452,4,26.03693747512398,牙膏 / 漱口水 / 牙齿美白条,Z:\主线任务2-天眼计划\行业专题研究\行研报告\健康与家庭-行业报告 V2.0\健康与家庭底表（已处理）\口腔护理产品\口腔护理产品竞品分析底表-市场大盘v1.xlsx
功效面部护肤,Vibriance,,美国,false,皮肤护理,面部皮肤护理产品,16740368,1202096,26003,4,46.35520124848598,面部精华液 / 眼部治疗系列 / 面部着色保湿霜,Z:\主线任务2-天眼计划\行业专题研究\行研报告\美容和个人护理-行业研究\美容和个人护理（已处理）\皮肤护理\皮肤护理竞品分析底表-市场大盘v1.xlsx
口腔护理,LIVFRESH,,美国,false,护肤与个护,口腔护理产品,16732330.22,1339530.29,51835,3,25.98539930373653,牙膏 / 漱口水,Z:\主线任务2-天眼计划\行业专题研究\行研报告\健康与家庭-行业报告 V2.0\健康与家庭底表（已处理）\个人护理产品\个人护理产品竞品分析底表-市场大盘v1.xlsx
口腔护理,LIVFRESH,,美国,false,个人护理,口腔护理产品,16732330.22,1339530.29,51835,3,25.98539930373653,牙膏 / 漱口水,Z:\主线任务2-天眼计划\行业专题研究\行研报告\美容和个人护理-行业研究\美容和个人护理（已处理）\个人护理\个人护理竞品分析底表-市场大盘v1.xlsx
男士剃须/理容,Skull Shaver,,美国,false,剃须和脱毛,男士剃须和脱毛产品,16706626.13,1174272.9,17232,16,93.18860817378993,男士电动剃须刀更换头 / 男子旋转剃须刀 / 个人美容师,Z:\主线任务2-天眼计划\行业专题研究\行研报告\美容和个人护理-行业研究\美容和个人护理（已处理）\剃须和脱毛\剃须和脱毛竞品分析底表-市场大盘v1.xlsx
身体/沐浴/除臭,Ancient Minerals,,美国,false,护肤与个护,浴缸和浴室配件,16689799.92,1200832.5,48795,3,25.67841221652479,浴盐 / 身体乳液 / 身体油,Z:\主线任务2-天眼计划\行业专题研究\行研报告\健康与家庭-行业报告 V2.0\健康与家庭底表（已处理）\个人护理产品\个人护理产品竞品分析底表-市场大盘v1.xlsx
身体/沐浴/除臭,Ancient Minerals,,美国,false,个人护理,浴缸和浴室配件,16689799.92,1200832.5,48795,3,25.67841221652479,浴盐 / 身体乳液 / 身体油,Z:\主线任务2-天眼计划\行业专题研究\行研报告\美容和个人护理-行业研究\美容和个人护理（已处理）\个人护理\个人护理竞品分析底表-市场大盘v1.xlsx
香水/香氛,Lancôme,,美国,false,香水,女性香水,16677055.8,1284931.1,15103,12,89.98690283860357,女式香水 / 女式香水套装 / 女式淡香水,Z:\主线任务2-天眼计划\行业专题研究\行研报告\美容和个人护理-行业研究\美容和个人护理（已处理）\香水\香水竞品分析底表-市场大盘v1.xlsx
洗护/头皮/防脱,Dr. Groot,,美国,false,头发护理,脱发产品,16620415.35,861280.8,30442,8,29.00148529956781,头皮护理 / 头发再生洗发水 / 头发再生治疗,Z:\主线任务2-天眼计划\行业专题研究\行研报告\美容和个人护理-行业研究\美容和个人护理（已处理）\头发护理\头发护理竞品分析底表-市场大盘v1.xlsx
功效面部护肤,celimax,,美国,false,皮肤护理,面部皮肤护理产品,16577779.2,1265423.25,62072,5,20.40253624461223,面部精华液 / 面部爽肤水和收敛剂 / 面部皮,Z:\主线任务2-天眼计划\行业专题研究\行研报告\美容和个人护理-行业研究\美容和个人护理（已处理）\皮肤护理\皮肤护理竞品分析底表-市场大盘v1.xlsx
彩妆/卸妆,Laura Mercier,,美国,false,护肤与个护,面部化妆,16529599.65,1685525.2999999998,34323,25,41.64824496704489,扑面粉 / 口红 / 基础组成,Z:\主线任务2-天眼计划\行业专题研究\行研报告\美容和个人护理-行业研究\美容和个人护理（已处理）\化妆\化妆竞品分析底表-市场大盘v1.xlsx
身体/沐浴/除臭,Bioderma,,美国,false,个人护理,皮肤护理产品,16485918.33,1292333.76,50864,5,26.12570820590496,沐浴露 / 洁面啫喱 / 洗面奶,Z:\主线任务2-天眼计划\行业专题研究\行研报告\美容和个人护理-行业研究\美容和个人护理（已处理）\个人护理\个人护理竞品分析底表-市场大盘v1.xlsx
口腔护理,Reach,,美国,false,护肤与个护,口腔护理产品,16448978.57,1232151.8,171998,12,10.85644795941539,牙线 / 手动牙刷,Z:\主线任务2-天眼计划\行业专题研究\行研报告\健康与家庭-行业报告 V2.0\健康与家庭底表（已处理）\个人护理产品\个人护理产品竞品分析底表-市场大盘v1.xlsx
口腔护理,Reach,,美国,false,个人护理,口腔护理产品,16448978.57,1232151.8,171998,12,10.85644795941539,牙线 / 手动牙刷,Z:\主线任务2-天眼计划\行业专题研究\行研报告\美容和个人护理-行业研究\美容和个人护理（已处理）\个人护理\个人护理竞品分析底表-市场大盘v1.xlsx
功效面部护肤,ALASTIN Skincare,,美国,false,皮肤护理,阳光皮肤护理,16442124,1091519,9740,8,133.9217375052564,面部精华液 / 面部防晒霜 / 眼部护理霜,Z:\主线任务2-天眼计划\行业专题研究\行研报告\美容和个人护理-行业研究\美容和个人护理（已处理）\皮肤护理\皮肤护理竞品分析底表-市场大盘v1.xlsx
功效面部护肤,KAHI,,韩国,false,护肤与个护,皮肤护理产品,16396139.61,1794673.11,86019,3,21.07920280028044,眼部护理霜 / 面部保湿霜 / 面部防晒霜,Z:\主线任务2-天眼计划\行业专题研究\行研报告\健康与家庭-行业报告 V2.0\健康与家庭底表（已处理）\个人护理产品\个人护理产品竞品分析底表-市场大盘v1.xlsx
功效面部护肤,KAHI,,韩国,false,个人护理,皮肤护理产品,16396139.61,1794673.11,86019,3,21.07920280028044,眼部护理霜 / 面部保湿霜 / 面部防晒霜,Z:\主线任务2-天眼计划\行业专题研究\行研报告\美容和个人护理-行业研究\美容和个人护理（已处理）\个人护理\个人护理竞品分析底表-市场大盘v1.xlsx
功效面部护肤,KAHI,,韩国,false,皮肤护理,眼部护理产品,16396139.61,1794673.11,86019,3,21.07920280028044,眼部护理霜 / 面部保湿霜 / 面部防晒霜,Z:\主线任务2-天眼计划\行业专题研究\行研报告\美容和个人护理-行业研究\美容和个人护理（已处理）\皮肤护理\皮肤护理竞品分析底表-市场大盘v1.xlsx
功效面部护肤,Youth to the People,,美国,false,护肤与个护,皮肤护理产品,16361689,809751,17889,2,41.70960924080021,洗面奶 / 面膜,Z:\主线任务2-天眼计划\行业专题研究\行研报告\健康与家庭-行业报告 V2.0\健康与家庭底表（已处理）\个人护理产品\个人护理产品竞品分析底表-市场大盘v1.xlsx
功效面部护肤,Youth to the People,,美国,false,个人护理,皮肤护理产品,16361689,809751,17889,2,41.70960924080021,洗面奶 / 面膜,Z:\主线任务2-天眼计划\行业专题研究\行研报告\美容和个人护理-行业研究\美容和个人护理（已处理）\个人护理\个人护理竞品分析底表-市场大盘v1.xlsx
身体/沐浴/除臭,St. Tropez,,美国,false,皮肤护理,阳光皮肤护理,16356738,2105595,52600,9,40.45379443885975,身体自鞣剂 / 面部自我晒黑,Z:\主线任务2-天眼计划\行业专题研究\行研报告\美容和个人护理-行业研究\美容和个人护理（已处理）\皮肤护理\皮肤护理竞品分析底表-市场大盘v1.xlsx
口腔护理,hello,,美国,false,护肤与个护,口腔护理产品,16334753.8,1530706.51,130435,12,13.54364527220832,儿童牙膏 / 牙膏 / 漱口水,Z:\主线任务2-天眼计划\行业专题研究\行研报告\健康与家庭-行业报告 V2.0\健康与家庭底表（已处理）\个人护理产品\个人护理产品竞品分析底表-市场大盘v1.xlsx
口腔护理,hello,,美国,false,个人护理,口腔护理产品,16334753.8,1530706.51,130435,12,13.54364527220832,儿童牙膏 / 牙膏 / 漱口水,Z:\主线任务2-天眼计划\行业专题研究\行研报告\美容和个人护理-行业研究\美容和个人护理（已处理）\个人护理\个人护理竞品分析底表-市场大盘v1.xlsx
男士剃须/理容,Schick Hydro Silk,,美国,false,剃须和脱毛,女性剃须和脱毛产品,16264972.9,1052602.69,118853,19,12.29583666093424,女式一次性剃须刀 / 药筒 / 女式刀片式剃须刀,Z:\主线任务2-天眼计划\行业专题研究\行研报告\美容和个人护理-行业研究\美容和个人护理（已处理）\剃须和脱毛\剃须和脱毛竞品分析底表-市场大盘v1.xlsx
身体/沐浴/除臭,ALASTIN Skincare,,美国,false,护肤与个护,皮肤护理产品,16252384,1077263,9382,7,135.3899266168043,面部精华液 / 眼部护理霜 / 身体乳液,Z:\主线任务2-天眼计划\行业专题研究\行研报告\健康与家庭-行业报告 V2.0\健康与家庭底表（已处理）\个人护理产品\个人护理产品竞品分析底表-市场大盘v1.xlsx
男士剃须/理容,Philips,,美国,false,个人护理,剃须和脱毛产品,16251445.53,2329867.43,28449,13,235.0609697699839,个人美容师 / 女子箔片剃须刀 / 脱毛脱毛器,Z:\主线任务2-天眼计划\行业专题研究\行研报告\美容和个人护理-行业研究\美容和个人护理（已处理）\个人护理\个人护理竞品分析底表-市场大盘v1.xlsx
功效面部护肤,Frownies,,美国,false,护肤与个护,皮肤护理产品,16249066.65,1081337.25,40380,3,27.27810658746843,眼部皱纹垫和贴片,Z:\主线任务2-天眼计划\行业专题研究\行研报告\健康与家庭-行业报告 V2.0\健康与家庭底表（已处理）\个人护理产品\个人护理产品竞品分析底表-市场大盘v1.xlsx
功效面部护肤,Frownies,,美国,false,个人护理,皮肤护理产品,16249066.65,1081337.25,40380,3,27.27810658746843,眼部皱纹垫和贴片,Z:\主线任务2-天眼计划\行业专题研究\行研报告\美容和个人护理-行业研究\美容和个人护理（已处理）\个人护理\个人护理竞品分析底表-市场大盘v1.xlsx
功效面部护肤,O’Keeffe’s,,美国,false,足部、手部和指甲护理,足部和手部护理,16234422.85,307961.58,31217,5,13.26961471947247,护手霜和乳液 / 足部霜和乳液,Z:\主线任务2-天眼计划\行业专题研究\行研报告\美容和个人护理-行业研究\美容和个人护理（已处理）\足部、手部和指甲护理\足部、手部和指甲护理竞品分析底表-市场大盘v1.xlsx
洗护/头皮/防脱,KEVIN.MURPHY,,美国,false,头发护理,发型产品,16193393.67,1394644.88,38361,21,42.4584881339829,发型凝胶 / 护发素 / 发胶,Z:\主线任务2-天眼计划\行业专题研究\行研报告\美容和个人护理-行业研究\美容和个人护理（已处理）\头发护理\头发护理竞品分析底表-市场大盘v1.xlsx
功效面部护肤,GORILLA GRIP,,美国,false,护肤与个护,浴室配件,16138715.209999999,1471944.6900000002,85160,7,19.19,浴室地垫 / 浴缸垫 / 马桶盖和水箱盖,Z:\主线任务2-天眼计划\行业专题研究\行研报告\家庭和厨房-行业研究\沐浴产品竞品分析底表-市场大盘v1.xlsx
功效面部护肤,BLUE LIZARD,,美国,false,护肤与个护,皮肤护理产品,16136957.35,3015104.75,243703,9,14.24426951929282,防晒霜 / 婴儿防晒霜 / 唇部防晒霜,Z:\主线任务2-天眼计划\行业专题研究\行研报告\健康与家庭-行业报告 V2.0\健康与家庭底表（已处理）\个人护理产品\个人护理产品竞品分析底表-市场大盘v1.xlsx
功效面部护肤,BLUE LIZARD,,美国,false,个人护理,皮肤护理产品,16136957.35,3015104.75,243703,9,14.24426951929282,防晒霜 / 婴儿防晒霜 / 唇部防晒霜,Z:\主线任务2-天眼计划\行业专题研究\行研报告\美容和个人护理-行业研究\美容和个人护理（已处理）\个人护理\个人护理竞品分析底表-市场大盘v1.xlsx
功效面部护肤,BLUE LIZARD,,美国,false,皮肤护理,阳光皮肤护理,16136957.35,3015104.75,243703,9,14.24426951929282,防晒霜 / 婴儿防晒霜 / 唇部防晒霜,Z:\主线任务2-天眼计划\行业专题研究\行研报告\美容和个人护理-行业研究\美容和个人护理（已处理）\皮肤护理\皮肤护理竞品分析底表-市场大盘v1.xlsx
男士剃须/理容,Andis,,美国,false,护肤与个护,剃须和脱毛产品,16127337.18,1600668.98,17809,12,80.80850135987279,胡须修剪器 / 剪发器 / 男士箔片剃须刀,Z:\主线任务2-天眼计划\行业专题研究\行研报告\美容和个人护理-行业研究\美容和个人护理（已处理）\美容工具和配件\美容工具和配件竞品分析底表-市场大盘v1.xlsx
洗护/头皮/防脱,Dove,,美国,false,头发护理,洗发水和护发素,16094155.22,1568279.97,173131,22,10.16136767703537,洗发水 / 洗发水和护发素套装 / 护发素,Z:\主线任务2-天眼计划\行业专题研究\行研报告\美容和个人护理-行业研究\美容和个人护理（已处理）\头发护理\头发护理竞品分析底表-市场大盘v1.xlsx
功效面部护肤,MiamiMD,,美国,false,护肤与个护,皮肤护理产品,16075909.05,967647.43,9366,3,146.4844034419644,面部保湿霜,Z:\主线任务2-天眼计划\行业专题研究\行研报告\健康与家庭-行业报告 V2.0\健康与家庭底表（已处理）\个人护理产品\个人护理产品竞品分析底表-市场大盘v1.xlsx
功效面部护肤,MiamiMD,,美国,false,个人护理,皮肤护理产品,16075909.05,967647.43,9366,3,146.4844034419644,面部保湿霜,Z:\主线任务2-天眼计划\行业专题研究\行研报告\美容和个人护理-行业研究\美容和个人护理（已处理）\个人护理\个人护理竞品分析底表-市场大盘v1.xlsx
功效面部护肤,MiamiMD,,美国,false,皮肤护理,面部皮肤护理产品,16075909.05,967647.43,9366,3,146.4844034419644,面部保湿霜,Z:\主线任务2-天眼计划\行业专题研究\行研报告\美容和个人护理-行业研究\美容和个人护理（已处理）\皮肤护理\皮肤护理竞品分析底表-市场大盘v1.xlsx
男士剃须/理容,Schick,,美国,false,个人护理,剃须和脱毛产品,16064436.71,1297350.88,55480,9,27.38380150248944,药筒 / 男子子弹剃刀 / 男士一次性剃须刀,Z:\主线任务2-天眼计划\行业专题研究\行研报告\美容和个人护理-行业研究\美容和个人护理（已处理）\个人护理\个人护理竞品分析底表-市场大盘v1.xlsx
彩妆/卸妆,VT COSMETICS,,韩国,false,护肤与个护,皮肤护理产品,16041254.4,1008208.44,45247,8,22.71504837864495,面部精华液 / 眼部护理霜 / 面膜,Z:\主线任务2-天眼计划\行业专题研究\行研报告\健康与家庭-行业报告 V2.0\健康与家庭底表（已处理）\个人护理产品\个人护理产品竞品分析底表-市场大盘v1.xlsx
身体/沐浴/除臭,ALASTIN Skincare,,美国,false,个人护理,皮肤护理产品,16022172,1063595,9382,7,135.3899266168043,面部精华液 / 眼部护理霜 / 身体乳液,Z:\主线任务2-天眼计划\行业专题研究\行研报告\美容和个人护理-行业研究\美容和个人护理（已处理）\个人护理\个人护理竞品分析底表-市场大盘v1.xlsx
身体/沐浴/除臭,St. Tropez,,美国,false,护肤与个护,皮肤护理产品,16008261,2037669,50871,7,40.63921433589221,身体自鞣剂 / 面部自我晒黑,Z:\主线任务2-天眼计划\行业专题研究\行研报告\健康与家庭-行业报告 V2.0\健康与家庭底表（已处理）\个人护理产品\个人护理产品竞品分析底表-市场大盘v1.xlsx
男士剃须/理容,Every Man Jack,,美国,false,护肤与个护,剃须和脱毛产品,16006001.8,1300657.82,45590,8,22.40875845773563,轴承调节器和油 / 止汗除臭剂 / 沐浴露,Z:\主线任务2-天眼计划\行业专题研究\行研报告\健康与家庭-行业报告 V2.0\健康与家庭底表（已处理）\个人护理产品\个人护理产品竞品分析底表-市场大盘v1.xlsx
洗护/头皮/防脱,Kristin Ess,,美国,false,头发护理,洗发水和护发素,15997970.28,1337217.93,73715,17,37.08665903866545,洗发水和护发素套装 / 洗发水 / 头发热防护喷雾,Z:\主线任务2-天眼计划\行业专题研究\行研报告\美容和个人护理-行业研究\美容和个人护理（已处理）\头发护理\头发护理竞品分析底表-市场大盘v1.xlsx
身体/沐浴/除臭,Coco & Eve,,美国,false,皮肤护理,阳光皮肤护理,15996969,1480736,39343,9,38.56210830289802,身体自鞣剂 / 面部自我晒黑 / 防晒霜,Z:\主线任务2-天眼计划\行业专题研究\行研报告\美容和个人护理-行业研究\美容和个人护理（已处理）\皮肤护理\皮肤护理竞品分析底表-市场大盘v1.xlsx
功效面部护肤,Sunday Riley,,美国,false,皮肤护理,面部皮肤护理产品,15994744.25,815843.5,12631,8,69.23195058243401,面部保湿霜 / 面部精华液 / 面部护理油,Z:\主线任务2-天眼计划\行业专题研究\行研报告\美容和个人护理-行业研究\美容和个人护理（已处理）\皮肤护理\皮肤护理竞品分析底表-市场大盘v1.xlsx
功效面部护肤,Q-tips,,美国,false,护肤与个护,棉球和棉签,15978680.53,1322048.48,380020,12,4.689216216488522,棉签 / 棉球,Z:\主线任务2-天眼计划\行业专题研究\行研报告\美容和个人护理-行业研究\美容和个人护理（已处理）\美容工具和配件\美容工具和配件竞品分析底表-市场大盘v1.xlsx
功效面部护肤,Karseell,,中国,true,头发护理,头发护理面膜,15948245.24,1065496.7,47466,10,25.55913148506232,头发护理面膜 / 发型膏和乳液 / 头发护理油,Z:\主线任务2-天眼计划\行业专题研究\行研报告\美容和个人护理-行业研究\美容和个人护理（已处理）\头发护理\头发护理竞品分析底表-市场大盘v1.xlsx
功效面部护肤,LANE LINEN,,美国,false,护肤与个护,浴室毛巾,15946227.450000001,1285006.45,43186,10,41.09,浴巾套装 / 沙滩毛巾 / 手浴巾,Z:\主线任务2-天眼计划\行业专题研究\行研报告\家庭和厨房-行业研究\沐浴产品竞品分析底表-市场大盘v1.xlsx
身体/沐浴/除臭,St. Tropez,,美国,false,个人护理,皮肤护理产品,15934231,2025481,50871,7,40.63921433589221,身体自鞣剂 / 面部自我晒黑,Z:\主线任务2-天眼计划\行业专题研究\行研报告\美容和个人护理-行业研究\美容和个人护理（已处理）\个人护理\个人护理竞品分析底表-市场大盘v1.xlsx
功效面部护肤,UNICE,,中国,true,头发护理,头发延伸、假发和配件,15919086.7,1772429.12,13475,24,140.0914216824648,换发假发 / 头发延伸部分,Z:\主线任务2-天眼计划\行业专题研究\行研报告\美容和个人护理-行业研究\美容和个人护理（已处理）\头发护理\头发护理竞品分析底表-市场大盘v1.xlsx
美甲/手足护理,Double Rhythm,,中国,true,足部、手部和指甲护理,指甲油和装饰产品,15917975.11,1456861.88,120822,24,27.00209803704933,凝胶指甲油 / 指甲油 / 假指甲胶,Z:\主线任务2-天眼计划\行业专题研究\行研报告\美容和个人护理-行业研究\美容和个人护理（已处理）\足部、手部和指甲护理\足部、手部和指甲护理竞品分析底表-市场大盘v1.xlsx
造型工具/吹风,ghd,,美国,false,头发护理,造型工具和设备,15895553.4,1331060.6,4760,9,290.5038939023513,直发熨斗 / 卷发器 / 热风毛刷,Z:\主线任务2-天眼计划\行业专题研究\行研报告\美容和个人护理-行业研究\美容和个人护理（已处理）\头发护理\头发护理竞品分析底表-市场大盘v1.xlsx
功效面部护肤,Vibriance,,美国,false,个人护理,皮肤护理产品,15884152,1150662,24720,2,46.63085250056055,面部着色保湿霜 / 面部精华液,Z:\主线任务2-天眼计划\行业专题研究\行研报告\美容和个人护理-行业研究\美容和个人护理（已处理）\个人护理\个人护理竞品分析底表-市场大盘v1.xlsx
彩妆/卸妆,VT COSMETICS,,韩国,false,个人护理,皮肤护理产品,15851612.4,988754.44,45247,8,22.71504837864495,面部精华液 / 眼部护理霜 / 面膜,Z:\主线任务2-天眼计划\行业专题研究\行研报告\美容和个人护理-行业研究\美容和个人护理（已处理）\个人护理\个人护理竞品分析底表-市场大盘v1.xlsx
彩妆/卸妆,VT COSMETICS,,韩国,false,皮肤护理,面部皮肤护理产品,15851612.4,988754.44,45247,8,22.71504837864495,面部精华液 / 眼部护理霜 / 面膜,Z:\主线任务2-天眼计划\行业专题研究\行研报告\美容和个人护理-行业研究\美容和个人护理（已处理）\皮肤护理\皮肤护理竞品分析底表-市场大盘v1.xlsx
洗护/头皮/防脱,The Ordinary,,美国,false,头发护理,脱发产品,15843465.9,2128265.7,47621,2,46.91185024031539,头发再生补品 / 头皮护理,Z:\主线任务2-天眼计划\行业专题研究\行研报告\美容和个人护理-行业研究\美容和个人护理（已处理）\头发护理\头发护理竞品分析底表-市场大盘v1.xlsx
身体/沐浴/除臭,Nécessaire,,美国,false,护肤与个护,皮肤护理产品,15780264,2258375,55130,8,44.50527879559418,身体乳液 / 沐浴露 / 润唇膏和润肤霜,Z:\主线任务2-天眼计划\行业专题研究\行研报告\健康与家庭-行业报告 V2.0\健康与家庭底表（已处理）\个人护理产品\个人护理产品竞品分析底表-市场大盘v1.xlsx
身体/沐浴/除臭,Nécessaire,,美国,false,个人护理,皮肤护理产品,15780264,2258375,55130,8,44.50527879559418,身体乳液 / 沐浴露 / 润唇膏和润肤霜,Z:\主线任务2-天眼计划\行业专题研究\行研报告\美容和个人护理-行业研究\美容和个人护理（已处理）\个人护理\个人护理竞品分析底表-市场大盘v1.xlsx
功效面部护肤,Eight Saints,,美国,false,皮肤护理,面部皮肤护理产品,15737039.35,1137018.55,34297,18,33.64973186013544,眼部护理霜 / 眼部治疗系列 / 面部精华液,Z:\主线任务2-天眼计划\行业专题研究\行研报告\美容和个人护理-行业研究\美容和个人护理（已处理）\皮肤护理\皮肤护理竞品分析底表-市场大盘v1.xlsx
身体/沐浴/除臭,everyone for every body,,美国,false,皮肤护理,身体护肤品,15724014.53,1006021.31,41088,7,25.7751756398679,身体乳液 / 手洗 / 沐浴露,Z:\主线任务2-天眼计划\行业专题研究\行研报告\美容和个人护理-行业研究\美容和个人护理（已处理）\皮肤护理\皮肤护理竞品分析底表-市场大盘v1.xlsx
身体/沐浴/除臭,Westmore Beauty,,美国,false,护肤与个护,身体化妆,15712091,2030276,32970,4,55.09135115671768,身体遮瑕膏 / 基础组成 / 扑面粉,Z:\主线任务2-天眼计划\行业专题研究\行研报告\美容和个人护理-行业研究\美容和个人护理（已处理）\化妆\化妆竞品分析底表-市场大盘v1.xlsx
彩妆/卸妆,Ogee,,美国,false,护肤与个护,面部化妆,15691258,1587842,17247,9,89.14437326284452,遮瑕膏和中和妆 / 口红 / 基础底漆,Z:\主线任务2-天眼计划\行业专题研究\行研报告\美容和个人护理-行业研究\美容和个人护理（已处理）\化妆\化妆竞品分析底表-市场大盘v1.xlsx
身体/沐浴/除臭,Coco & Eve,,美国,false,护肤与个护,皮肤护理产品,15691124,1424335,37661,7,38.73737498551956,身体自鞣剂 / 面部自我晒黑 / 鞣革油和乳液,Z:\主线任务2-天眼计划\行业专题研究\行研报告\健康与家庭-行业报告 V2.0\健康与家庭底表（已处理）\个人护理产品\个人护理产品竞品分析底表-市场大盘v1.xlsx
身体/沐浴/除臭,Coco & Eve,,美国,false,个人护理,皮肤护理产品,15691124,1424335,37661,7,38.73737498551956,身体自鞣剂 / 面部自我晒黑 / 鞣革油和乳液,Z:\主线任务2-天眼计划\行业专题研究\行研报告\美容和个人护理-行业研究\美容和个人护理（已处理）\个人护理\个人护理竞品分析底表-市场大盘v1.xlsx
功效面部护肤,TOPPIK,,美国,false,头发护理,脱发产品,15645096.83,1287775.08,55408,5,23.98499386336937,毛发构建纤维 / 发胶,Z:\主线任务2-天眼计划\行业专题研究\行研报告\美容和个人护理-行业研究\美容和个人护理（已处理）\头发护理\头发护理竞品分析底表-市场大盘v1.xlsx
美容工具/仪器,Real Techniques,,美国,false,护肤与个护,化妆刷和工具,15606949.98,880883.1,71643,21,13.78147036786152,化妆刷套件 / 化妆搅拌器和海绵 / 基础刷,Z:\主线任务2-天眼计划\行业专题研究\行研报告\美容和个人护理-行业研究\美容和个人护理（已处理）\美容工具和配件\美容工具和配件竞品分析底表-市场大盘v1.xlsx
洗护/头皮/防脱,HIMS & HERS,,美国,false,头发护理,脱发产品,15580397.98,1443133.88,41899,10,38.35263204852485,头发再生治疗 / 洗发水 / 洗发水和护发素套装,Z:\主线任务2-天眼计划\行业专题研究\行研报告\美容和个人护理-行业研究\美容和个人护理（已处理）\头发护理\头发护理竞品分析底表-市场大盘v1.xlsx
男士剃须/理容,Remington,,美国,false,剃须和脱毛,男士剃须和脱毛产品,15535963.86,1232567.48,38265,40,40.61575978655546,男士电动剃须刀更换头 / 男士箔片剃须刀 / 胡须修剪器,Z:\主线任务2-天眼计划\行业专题研究\行研报告\美容和个人护理-行业研究\美容和个人护理（已处理）\剃须和脱毛\剃须和脱毛竞品分析底表-市场大盘v1.xlsx
功效面部护肤,celimax,,美国,false,护肤与个护,皮肤护理产品,15515306.84,1212404.73,58978,3,20.32455090417671,面部精华液,Z:\主线任务2-天眼计划\行业专题研究\行研报告\健康与家庭-行业报告 V2.0\健康与家庭底表（已处理）\个人护理产品\个人护理产品竞品分析底表-市场大盘v1.xlsx
身体/沐浴/除臭,MAËLYS,,美国,false,皮肤护理,身体护肤品,15506551,1317505,22457,4,61.60341934186208,身体霜 / 面膜,Z:\主线任务2-天眼计划\行业专题研究\行研报告\美容和个人护理-行业研究\美容和个人护理（已处理）\皮肤护理\皮肤护理竞品分析底表-市场大盘v1.xlsx
功效面部护肤,L3,,美国,false,头发护理,发型产品,15465500.05,1217533.58,129362,8,9.413813581880836,发根提拉粉 / 发型膏 / 发型粘土,Z:\主线任务2-天眼计划\行业专题研究\行研报告\美容和个人护理-行业研究\美容和个人护理（已处理）\头发护理\头发护理竞品分析底表-市场大盘v1.xlsx
功效面部护肤,celimax,,美国,false,个人护理,皮肤护理产品,15419144.84,1198082.73,58978,3,20.32455090417671,面部精华液,Z:\主线任务2-天眼计划\行业专题研究\行研报告\美容和个人护理-行业研究\美容和个人护理（已处理）\个人护理\个人护理竞品分析底表-市场大盘v1.xlsx
男士剃须/理容,Skull Shaver,,美国,false,个人护理,剃须和脱毛产品,15306427.04,1076418.14,14498,6,97.51137953305023,男子旋转剃须刀 / 男士电动剃须刀更换头 / 个人美容师,Z:\主线任务2-天眼计划\行业专题研究\行研报告\美容和个人护理-行业研究\美容和个人护理（已处理）\个人护理\个人护理竞品分析底表-市场大盘v1.xlsx
男士剃须/理容,Peach Slices,,美国,false,护肤与个护,皮肤护理产品,15292649.05,1794273.4,95268,6,14.23813453972045,毛孔清洁条 / 面部精华液 / 女性剃须和脱毛产品,Z:\主线任务2-天眼计划\行业专题研究\行研报告\健康与家庭-行业报告 V2.0\健康与家庭底表（已处理）\个人护理产品\个人护理产品竞品分析底表-市场大盘v1.xlsx
功效面部护肤,TULA,,美国,false,皮肤护理,面部皮肤护理产品,15277499,1088423,31663,9,35.88532859007941,洗面奶 / 面部磨砂膏 / 眼部护理霜,Z:\主线任务2-天眼计划\行业专题研究\行研报告\美容和个人护理-行业研究\美容和个人护理（已处理）\皮肤护理\皮肤护理竞品分析底表-市场大盘v1.xlsx
口腔护理,mastermedi,,印度,false,护肤与个护,口腔护理产品,15135160.22,772424.9500000001,80729,2,9.690974687573206,鞋舌刷、刮刀和清洁器,Z:\主线任务2-天眼计划\行业专题研究\行研报告\健康与家庭-行业报告 V2.0\健康与家庭底表（已处理）\个人护理产品\个人护理产品竞品分析底表-市场大盘v1.xlsx
口腔护理,mastermedi,,印度,false,个人护理,口腔护理产品,15135160.22,772424.9500000001,80729,2,9.690974687573206,鞋舌刷、刮刀和清洁器,Z:\主线任务2-天眼计划\行业专题研究\行研报告\美容和个人护理-行业研究\美容和个人护理（已处理）\个人护理\个人护理竞品分析底表-市场大盘v1.xlsx
身体/沐浴/除臭,GOSHI,,美国,false,护肤与个护,沐浴配件,15134091.09,628076.55,14988,2,16.02787948525785,沐浴海绵 / 浴巾,Z:\主线任务2-天眼计划\行业专题研究\行研报告\美容和个人护理-行业研究\美容和个人护理（已处理）\美容工具和配件\美容工具和配件竞品分析底表-市场大盘v1.xlsx
口腔护理,ACT,,美国,false,美妆个护综合,漱口水,15133267.83,1048677.17,223254,19,5.686306457782426,漱口水 / 口腔干燥缓解产品 / 儿童牙膏,Z:\主线任务2-天眼计划\行业专题研究\行研报告\健康与家庭-行业报告 V2.0\健康与家庭底表（已处理）\口腔护理产品\口腔护理产品竞品分析底表-市场大盘v1.xlsx
身体/沐浴/除臭,MAËLYS,,美国,false,护肤与个护,皮肤护理产品,15132931,1293793,22001,3,61.77942607511402,身体霜 / 面膜,Z:\主线任务2-天眼计划\行业专题研究\行研报告\健康与家庭-行业报告 V2.0\健康与家庭底表（已处理）\个人护理产品\个人护理产品竞品分析底表-市场大盘v1.xlsx
身体/沐浴/除臭,MAËLYS,,美国,false,个人护理,皮肤护理产品,15132931,1293793,22001,3,61.77942607511402,身体霜 / 面膜,Z:\主线任务2-天眼计划\行业专题研究\行研报告\美容和个人护理-行业研究\美容和个人护理（已处理）\个人护理\个人护理竞品分析底表-市场大盘v1.xlsx
功效面部护肤,Mediheal,,韩国,false,皮肤护理,面部皮肤护理产品,15124780.56,1066354.13,49771,7,21.91573122401655,面膜 / 面部爽肤水和收敛剂 / 眼罩,Z:\主线任务2-天眼计划\行业专题研究\行研报告\美容和个人护理-行业研究\美容和个人护理（已处理）\皮肤护理\皮肤护理竞品分析底表-市场大盘v1.xlsx
功效面部护肤,Dial,,美国,false,足部、手部和指甲护理,足部和手部护理,15051960.29,598472.54,50156,9,13.54854991542302,足部和手部护理,Z:\主线任务2-天眼计划\行业专题研究\行研报告\美容和个人护理-行业研究\美容和个人护理（已处理）\足部、手部和指甲护理\足部、手部和指甲护理竞品分析底表-市场大盘v1.xlsx
彩妆/卸妆,Benefit,,美国,false,护肤与个护,眼部化妆,14977579.08,1366522.59,52826,42,25.18269340187306,睫毛膏 / 眉毛颜色 / 面部喷枪,Z:\主线任务2-天眼计划\行业专题研究\行研报告\美容和个人护理-行业研究\美容和个人护理（已处理）\化妆\化妆竞品分析底表-市场大盘v1.xlsx
身体/沐浴/除臭,Cliganic,,美国,false,皮肤护理,面部皮肤护理产品,14943775.92,1322116.44,107182,8,16.77490291823313,面部护理油 / 润唇膏和润肤霜 / 载体油,Z:\主线任务2-天眼计划\行业专题研究\行研报告\美容和个人护理-行业研究\美容和个人护理（已处理）\皮肤护理\皮肤护理竞品分析底表-市场大盘v1.xlsx
身体/沐浴/除臭,Jack Black,,美国,false,皮肤护理,面部皮肤护理产品,14913213.25,995756.75,33675,10,31.47761018190437,身体乳液 / 护肤套装和工具包 / 沐浴皂,Z:\主线任务2-天眼计划\行业专题研究\行研报告\美容和个人护理-行业研究\美容和个人护理（已处理）\皮肤护理\皮肤护理竞品分析底表-市场大盘v1.xlsx
功效面部护肤,Carroten,,美国,false,皮肤护理,阳光皮肤护理,14893707.3,820036.7200000001,31043,4,27.83110513368231,鞣革油和乳液,Z:\主线任务2-天眼计划\行业专题研究\行研报告\美容和个人护理-行业研究\美容和个人护理（已处理）\皮肤护理\皮肤护理竞品分析底表-市场大盘v1.xlsx
男士剃须/理容,Flamingo,,美国,false,剃须和脱毛,女性剃须和脱毛产品,14890807.23,1337190.36,76432,25,18.26703708258407,女式刀片式剃须刀 / 药筒 / 脱毛蜡条,Z:\主线任务2-天眼计划\行业专题研究\行研报告\美容和个人护理-行业研究\美容和个人护理（已处理）\剃须和脱毛\剃须和脱毛竞品分析底表-市场大盘v1.xlsx
身体/沐浴/除臭,Native,,美国,false,皮肤护理,身体护肤品,14875396.25,1981759.11,147941,9,14.0496000227293,沐浴露 / 防晒霜 / 身体磨砂和护理,Z:\主线任务2-天眼计划\行业专题研究\行研报告\美容和个人护理-行业研究\美容和个人护理（已处理）\皮肤护理\皮肤护理竞品分析底表-市场大盘v1.xlsx
彩妆/卸妆,Rael,,美国,false,护肤与个护,皮肤护理产品,14871093.69,1211664.09,71360,4,15.48071733510363,毛孔清洁条 / 卸妆霜 / 面膜,Z:\主线任务2-天眼计划\行业专题研究\行研报告\健康与家庭-行业报告 V2.0\健康与家庭底表（已处理）\个人护理产品\个人护理产品竞品分析底表-市场大盘v1.xlsx
彩妆/卸妆,Madison Reed,,美国,false,头发护理,染发产品,14848331.15,1211569.45,40570,6,30.06839559837035,睫毛膏和根部润发 / 头发颜色（Hair Color） / 发色釉,Z:\主线任务2-天眼计划\行业专题研究\行研报告\美容和个人护理-行业研究\美容和个人护理（已处理）\头发护理\头发护理竞品分析底表-市场大盘v1.xlsx
身体/沐浴/除臭,VALITIC,,美国,false,护肤与个护,皮肤护理产品,14848315.48,1142197.07,88493,5,13.41744048537964,沐浴皂 / 面部清洁棒 / 浴弹,Z:\主线任务2-天眼计划\行业专题研究\行研报告\健康与家庭-行业报告 V2.0\健康与家庭底表（已处理）\个人护理产品\个人护理产品竞品分析底表-市场大盘v1.xlsx
身体/沐浴/除臭,VALITIC,,美国,false,个人护理,皮肤护理产品,14848315.48,1142197.07,88493,5,13.41744048537964,沐浴皂 / 面部清洁棒 / 浴弹,Z:\主线任务2-天眼计划\行业专题研究\行研报告\美容和个人护理-行业研究\美容和个人护理（已处理）\个人护理\个人护理竞品分析底表-市场大盘v1.xlsx
口腔护理,AURAGLOW,,美国,false,美妆个护综合,牙齿美白产品,14823679.29,1007049.2,30214,12,38.88171458554359,牙齿美白凝胶 / 牙齿美白条 / 牙膏,Z:\主线任务2-天眼计划\行业专题研究\行研报告\健康与家庭-行业报告 V2.0\健康与家庭底表（已处理）\口腔护理产品\口腔护理产品竞品分析底表-市场大盘v1.xlsx
功效面部护肤,SKIN1004,,韩国,false,护肤与个护,皮肤护理产品,14807737.84,2505780.04,134630,13,17.17809573141975,面部精华液 / 洗面奶 / 面部保湿霜,Z:\主线任务2-天眼计划\行业专题研究\行研报告\健康与家庭-行业报告 V2.0\健康与家庭底表（已处理）\个人护理产品\个人护理产品竞品分析底表-市场大盘v1.xlsx
男士剃须/理容,Schick Hydro Silk,,美国,false,个人护理,剃须和脱毛产品,14792628.78,954608.1,111356,7,11.86408874531863,女式一次性剃须刀 / 女式刀片式剃须刀 / 女式替换剃刀刀片筒和重新填充,Z:\主线任务2-天眼计划\行业专题研究\行研报告\美容和个人护理-行业研究\美容和个人护理（已处理）\个人护理\个人护理竞品分析底表-市场大盘v1.xlsx
口腔护理,Arm & Hammer,,美国,false,美妆个护综合,牙膏,14792466.63,1071258.48,94525,14,14.56195033148648,牙膏 / 旋转动力牙刷,Z:\主线任务2-天眼计划\行业专题研究\行研报告\健康与家庭-行业报告 V2.0\健康与家庭底表（已处理）\口腔护理产品\口腔护理产品竞品分析底表-市场大盘v1.xlsx
口腔护理,CloSYS,,美国,false,护肤与个护,口腔护理产品,14728622.33,2786572.01,151031,11,20.38151255402153,漱口水 / 牙膏 / 呼吸清新剂,Z:\主线任务2-天眼计划\行业专题研究\行研报告\健康与家庭-行业报告 V2.0\健康与家庭底表（已处理）\个人护理产品\个人护理产品竞品分析底表-市场大盘v1.xlsx
口腔护理,CloSYS,,美国,false,个人护理,口腔护理产品,14728622.33,2786572.01,151031,11,20.38151255402153,漱口水 / 牙膏 / 呼吸清新剂,Z:\主线任务2-天眼计划\行业专题研究\行研报告\美容和个人护理-行业研究\美容和个人护理（已处理）\个人护理\个人护理竞品分析底表-市场大盘v1.xlsx
洗护/头皮/防脱,Not Your Mother‘s,,美国,false,头发护理,洗发水和护发素,14707902.48,1237700.44,60369,13,22.32037894629818,发型凝胶 / 干洗发水 / 洗发水和护发素套装,Z:\主线任务2-天眼计划\行业专题研究\行研报告\美容和个人护理-行业研究\美容和个人护理（已处理）\头发护理\头发护理竞品分析底表-市场大盘v1.xlsx
男士剃须/理容,The Beard Club,,美国,false,剃须和脱毛,男士剃须和脱毛产品,14664157.1,945737.2000000001,45150,12,41.17863670584175,轴承调节器和油 / 微磨皮装置 / 体毛美容师,Z:\主线任务2-天眼计划\行业专题研究\行研报告\美容和个人护理-行业研究\美容和个人护理（已处理）\剃须和脱毛\剃须和脱毛竞品分析底表-市场大盘v1.xlsx
功效面部护肤,SparkPod,,美国,false,护肤与个护,浴室配件,14657794.78,881933.96,22130,9,42.4,固定淋浴喷头 / 喷淋头过滤器 / 手持式淋浴喷头,Z:\主线任务2-天眼计划\行业专题研究\行研报告\家庭和厨房-行业研究\沐浴产品竞品分析底表-市场大盘v1.xlsx
功效面部护肤,Sunday Riley,,美国,false,护肤与个护,皮肤护理产品,14625174.25,729323.5,11509,6,67.96378681750966,面部精华液 / 面部护理油 / 面部保湿霜,Z:\主线任务2-天眼计划\行业专题研究\行研报告\健康与家庭-行业报告 V2.0\健康与家庭底表（已处理）\个人护理产品\个人护理产品竞品分析底表-市场大盘v1.xlsx
功效面部护肤,Sunday Riley,,美国,false,个人护理,皮肤护理产品,14625174.25,729323.5,11509,6,67.96378681750966,面部精华液 / 面部护理油 / 面部保湿霜,Z:\主线任务2-天眼计划\行业专题研究\行研报告\美容和个人护理-行业研究\美容和个人护理（已处理）\个人护理\个人护理竞品分析底表-市场大盘v1.xlsx
身体/沐浴/除臭,VALITIC,,美国,false,皮肤护理,身体护肤品,14622355.9,1087369.01,86299,4,12.83392101628867,沐浴皂 / 面部清洁棒,Z:\主线任务2-天眼计划\行业专题研究\行研报告\美容和个人护理-行业研究\美容和个人护理（已处理）\皮肤护理\皮肤护理竞品分析底表-市场大盘v1.xlsx
男士剃须/理容,BaBylissPRO,,美国,false,个人护理,剃须和脱毛产品,14560738.76,1166099.05,6595,9,191.0300470268799,男士箔片剃须刀 / 胡须修剪器 / 剪发器,Z:\主线任务2-天眼计划\行业专题研究\行研报告\美容和个人护理-行业研究\美容和个人护理（已处理）\个人护理\个人护理竞品分析底表-市场大盘v1.xlsx
洗护/头皮/防脱,TIGI,,美国,false,头发护理,发型产品,14545111.53,1258709.5,78490,20,18.6996354202459,洗发水和护发素套装 / 发胶 / 发型蜡,Z:\主线任务2-天眼计划\行业专题研究\行研报告\美容和个人护理-行业研究\美容和个人护理（已处理）\头发护理\头发护理竞品分析底表-市场大盘v1.xlsx
身体/沐浴/除臭,Cliganic,,美国,false,个人护理,皮肤护理产品,14529113.52,1281588.6,103511,7,16.95625848575744,面部护理油 / 润唇膏和润肤霜 / 载体油,Z:\主线任务2-天眼计划\行业专题研究\行研报告\美容和个人护理-行业研究\美容和个人护理（已处理）\个人护理\个人护理竞品分析底表-市场大盘v1.xlsx
男士剃须/理容,Tweezerman,,美国,false,个人护理,剃须和脱毛产品,14474181.07,1292545.84,60803,7,21.76824291214306,脱毛镊子 / 女式剃须剃刀和刀片,Z:\主线任务2-天眼计划\行业专题研究\行研报告\美容和个人护理-行业研究\美容和个人护理（已处理）\个人护理\个人护理竞品分析底表-市场大盘v1.xlsx
男士剃须/理容,The Art of Shaving,,美国,false,护肤与个护,剃须和脱毛产品,14442040,653955,8618,5,42.39436928702011,男士剃须和美容套装 / 剃须后润肤霜 / 男士剃须膏,Z:\主线任务2-天眼计划\行业专题研究\行研报告\美容和个人护理-行业研究\美容和个人护理（已处理）\美容工具和配件\美容工具和配件竞品分析底表-市场大盘v1.xlsx